id,petal_length_cm,petal_width_cm,freshness_days,is_fragrant,species_Lily,species_Orchid,species_Rose,species_Sunflower,species_Tulip,color_Orange,color_Pink,color_Purple,color_Red,color_White,color_Yellow
1,6.39,2.79,9,1,False,False,False,True,False,False,False,False,True,False,False
2,4.57,1.09,12,1,False,False,True,False,False,False,True,False,False,False,False
3,5.69,2.53,14,1,False,False,False,True,False,False,True,False,False,False,False
4,5.32,2.69,8,0,True,False,False,False,False,False,False,False,False,False,True
5,7.23,2.69,10,0,False,False,False,True,False,False,False,False,False,False,True
6,4.5,1.93,9,1,False,False,True,False,False,True,False,False,False,False,False
7,3.95,2.27,3,0,False,False,True,False,False,False,True,False,False,False,False
8,7.17,3.18,10,1,False,False,False,True,False,False,True,False,False,False,False
9,4.68,1.87,10,0,False,True,False,False,False,True,False,False,False,False,False
10,5.02,2.25,7,0,False,False,True,False,False,False,True,False,False,False,False
11,5.45,1.95,5,0,False,True,False,False,False,False,False,False,False,True,False
12,7.04,2.08,3,0,False,False,False,True,False,False,False,True,False,False,False
13,4.62,1.33,11,1,False,False,False,False,True,True,False,False,False,False,False
14,4.65,1.64,7,1,False,True,False,False,False,False,False,False,True,False,False
15,4.61,1.79,11,1,False,False,False,True,False,False,True,False,False,False,False
16,5.01,1.32,11,1,False,False,True,False,False,False,False,False,False,False,True
17,7.06,2.71,5,1,False,False,False,True,False,True,False,False,False,False,False
18,5.42,1.77,14,1,False,False,False,True,False,False,False,False,False,False,True
19,5.95,2.38,8,0,False,False,True,False,False,False,False,False,False,True,False
20,8.03,2.61,8,0,True,False,False,False,False,False,False,True,False,False,False
21,5.41,0.54,12,0,False,False,False,False,True,False,False,True,False,False,False
22,4.46,2.04,10,1,False,False,True,False,False,False,False,False,True,False,False
23,5.4,1.97,3,0,False,True,False,False,False,False,False,False,False,True,False
24,4.34,3.32,7,0,False,False,False,True,False,True,False,False,False,False,False
25,6.12,2.75,9,0,True,False,False,False,False,False,False,False,False,False,True
26,4.14,1.47,7,0,False,False,False,False,True,True,False,False,False,False,False
27,4.66,2.33,9,0,False,False,True,False,False,False,False,False,False,False,True
28,4.99,0.86,9,0,False,True,False,False,False,False,False,False,False,True,False
29,2.61,1.01,12,1,False,True,False,False,False,False,True,False,False,False,False
30,6.29,2.62,12,0,True,False,False,False,False,False,False,False,False,True,False
31,4.67,2.3,3,0,False,False,True,False,False,False,False,True,False,False,False
32,8.94,2.74,9,0,True,False,False,False,False,False,False,False,True,False,False
33,3.78,1.3,5,1,False,False,False,False,True,False,False,False,True,False,False
34,7.53,2.42,12,0,True,False,False,False,False,False,False,False,False,False,True
35,5.61,2.35,14,1,True,False,False,False,False,False,False,True,False,False,False
36,2.61,2.0,14,1,False,True,False,False,False,False,True,False,False,False,False
37,5.48,1.56,14,1,False,True,False,False,False,False,True,False,False,False,False
38,4.13,2.37,14,0,False,False,True,False,False,False,False,False,False,True,False
39,5.89,3.39,4,1,False,False,False,True,False,False,False,False,False,False,True
40,3.66,1.75,3,0,False,False,False,False,True,False,False,False,False,True,False
41,3.54,1.01,4,0,False,False,False,False,True,False,False,False,False,True,False
42,6.89,2.74,8,0,True,False,False,False,False,False,False,False,False,False,True
43,5.69,2.12,4,0,True,False,False,False,False,False,False,False,False,False,True
44,4.47,1.37,8,1,False,False,True,False,False,True,False,False,False,False,False
45,3.47,0.76,4,1,False,False,False,False,True,False,False,True,False,False,False
46,5.4,1.28,11,0,False,True,False,False,False,False,False,True,False,False,False
47,8.84,2.29,3,0,True,False,False,False,False,False,False,False,True,False,False
48,8.94,2.93,10,1,True,False,False,False,False,True,False,False,False,False,False
49,4.57,2.49,8,0,False,False,True,False,False,False,False,True,False,False,False
50,7.9,2.27,7,0,True,False,False,False,False,False,False,True,False,False,False
51,5.31,2.68,13,0,True,False,False,False,False,False,False,True,False,False,False
52,4.05,1.92,10,1,False,False,True,False,False,False,True,False,False,False,False
53,2.8,1.6,7,0,False,True,False,False,False,False,False,False,False,True,False
54,4.63,2.17,14,1,False,False,True,False,False,False,False,False,False,False,True
55,6.48,1.11,4,1,False,False,False,False,True,True,False,False,False,False,False
56,4.06,1.04,6,0,False,False,True,False,False,True,False,False,False,False,False
57,5.11,3.18,9,0,False,False,False,True,False,False,False,False,False,True,False
58,4.97,1.43,3,1,False,False,True,False,False,False,True,False,False,False,False
59,5.84,2.36,3,1,False,False,True,False,False,False,True,False,False,False,False
60,8.52,2.74,14,0,True,False,False,False,False,True,False,False,False,False,False
61,5.87,3.44,6,1,False,False,False,True,False,False,True,False,False,False,False
62,4.54,1.71,14,0,False,False,False,True,False,False,False,False,False,False,True
63,5.84,2.14,11,0,False,False,False,True,False,True,False,False,False,False,False
64,4.04,1.78,14,0,False,False,True,False,False,False,False,False,False,False,True
65,5.44,2.56,8,0,True,False,False,False,False,False,False,True,False,False,False
66,7.65,1.76,4,1,False,False,False,True,False,False,False,False,False,False,True
67,7.3,2.35,11,1,False,False,False,True,False,False,True,False,False,False,False
68,4.97,1.82,14,1,False,False,False,True,False,False,False,False,True,False,False
69,4.3,3.24,13,0,False,False,False,True,False,False,False,False,False,False,True
70,3.38,1.49,11,0,False,False,False,False,True,False,False,False,False,False,True
71,8.75,2.24,14,1,True,False,False,False,False,False,True,False,False,False,False
72,7.02,1.74,4,1,False,False,False,True,False,True,False,False,False,False,False
73,7.83,2.16,14,0,True,False,False,False,False,False,False,False,False,False,True
74,6.24,3.48,13,0,False,False,False,True,False,False,False,True,False,False,False
75,6.94,2.65,5,1,False,False,False,True,False,True,False,False,False,False,False
76,4.43,2.12,11,0,False,False,True,False,False,False,False,False,True,False,False
77,4.1,1.34,12,1,False,False,False,False,True,False,False,True,False,False,False
78,5.61,0.69,7,1,False,False,False,False,True,False,False,False,True,False,False
79,6.87,2.95,10,0,True,False,False,False,False,False,False,False,True,False,False
80,5.67,2.13,7,0,True,False,False,False,False,True,False,False,False,False,False
81,3.63,2.02,9,0,False,True,False,False,False,True,False,False,False,False,False
82,4.26,1.55,6,1,False,False,False,False,True,True,False,False,False,False,False
83,6.41,1.81,13,1,False,False,False,True,False,False,False,False,False,False,True
84,5.36,1.64,14,1,False,True,False,False,False,False,True,False,False,False,False
85,3.63,2.42,11,1,False,False,True,False,False,False,False,False,True,False,False
86,6.9,2.69,9,1,True,False,False,False,False,False,False,True,False,False,False
87,6.4,2.46,7,0,False,False,False,True,False,False,False,True,False,False,False
88,4.73,1.51,11,0,False,False,False,False,True,False,False,False,False,False,True
89,3.01,1.7,4,1,False,False,False,False,True,False,False,True,False,False,False
90,5.05,2.02,10,0,True,False,False,False,False,False,True,False,False,False,False
91,5.25,1.85,11,0,False,False,True,False,False,False,True,False,False,False,False
92,4.38,0.86,13,1,False,False,False,False,True,False,False,True,False,False,False
93,4.16,2.28,12,1,False,False,True,False,False,False,False,False,False,False,True
94,8.74,2.64,3,1,True,False,False,False,False,False,False,True,False,False,False
95,2.51,1.91,7,0,False,True,False,False,False,True,False,False,False,False,False
96,4.06,1.21,9,0,False,True,False,False,False,False,False,False,False,False,True
97,4.55,2.31,10,1,False,False,True,False,False,False,False,False,False,False,True
98,6.0,2.19,4,1,True,False,False,False,False,False,False,False,False,False,True
99,6.35,3.07,9,0,False,False,False,True,False,False,False,False,False,True,False
100,4.45,1.2,12,0,False,False,False,False,True,True,False,False,False,False,False
101,3.93,1.03,3,1,False,True,False,False,False,False,True,False,False,False,False
102,4.67,1.12,14,1,False,False,True,False,False,False,False,False,True,False,False
103,4.09,1.44,6,1,False,False,True,False,False,False,False,False,True,False,False
104,5.38,1.23,11,0,False,False,False,False,True,False,False,True,False,False,False
105,3.15,1.52,5,0,False,False,False,False,True,False,False,False,False,True,False
106,4.37,1.79,9,1,False,True,False,False,False,True,False,False,False,False,False
107,5.0,2.08,13,1,True,False,False,False,False,False,False,False,False,False,True
108,8.36,2.68,7,1,True,False,False,False,False,False,False,False,False,True,False
109,5.46,1.26,6,1,False,True,False,False,False,False,False,True,False,False,False
110,5.65,2.49,9,1,False,False,True,False,False,False,False,True,False,False,False
111,5.49,1.93,3,1,False,False,True,False,False,True,False,False,False,False,False
112,7.49,2.56,10,0,True,False,False,False,False,False,False,True,False,False,False
113,5.84,2.09,6,0,False,False,True,False,False,False,False,False,False,True,False
114,4.45,2.07,11,0,False,False,False,True,False,False,False,True,False,False,False
115,5.35,1.33,8,0,False,True,False,False,False,False,False,False,False,True,False
116,5.65,1.56,5,0,False,False,True,False,False,False,True,False,False,False,False
117,4.18,2.05,6,0,False,False,True,False,False,False,False,False,False,True,False
118,4.65,1.48,12,1,False,False,True,False,False,False,False,False,False,True,False
119,4.07,2.18,3,1,False,False,True,False,False,False,False,False,False,False,True
120,6.54,1.74,10,1,False,False,False,True,False,True,False,False,False,False,False
121,5.29,1.19,11,0,False,True,False,False,False,True,False,False,False,False,False
122,6.46,2.98,13,1,False,False,False,True,False,False,True,False,False,False,False
123,4.78,1.99,8,1,False,False,False,True,False,False,True,False,False,False,False
124,4.44,2.03,13,1,False,True,False,False,False,True,False,False,False,False,False
125,8.53,2.64,5,1,True,False,False,False,False,True,False,False,False,False,False
126,5.02,0.96,6,0,False,True,False,False,False,True,False,False,False,False,False
127,4.97,1.61,5,1,False,True,False,False,False,False,False,False,False,False,True
128,3.65,1.36,7,0,False,False,True,False,False,False,False,True,False,False,False
129,3.47,1.09,9,0,False,False,False,False,True,True,False,False,False,False,False
130,6.5,2.42,9,1,False,False,False,True,False,False,False,False,True,False,False
131,4.58,1.04,6,0,False,False,False,False,True,False,True,False,False,False,False
132,6.81,2.1,4,1,True,False,False,False,False,False,True,False,False,False,False
133,4.15,2.29,9,1,False,False,True,False,False,False,False,False,False,True,False
134,6.13,2.78,7,0,False,False,False,True,False,False,False,False,False,True,False
135,4.82,0.66,14,1,False,False,False,False,True,False,False,False,False,True,False
136,5.35,1.42,10,1,False,True,False,False,False,False,True,False,False,False,False
137,5.6,1.92,4,0,False,False,True,False,False,False,False,True,False,False,False
138,6.88,2.36,10,0,True,False,False,False,False,True,False,False,False,False,False
139,3.43,1.0,9,0,False,True,False,False,False,True,False,False,False,False,False
140,7.29,2.77,11,1,True,False,False,False,False,False,True,False,False,False,False
141,2.99,1.03,7,1,False,True,False,False,False,False,False,False,True,False,False
142,6.07,1.35,7,0,False,False,False,False,True,False,False,False,False,False,True
143,5.17,1.2,11,1,False,False,False,False,True,False,False,False,False,False,True
144,2.87,1.03,7,1,False,True,False,False,False,False,False,False,False,True,False
145,4.57,1.07,3,1,False,False,True,False,False,False,False,False,True,False,False
146,4.55,2.0,13,0,False,True,False,False,False,False,False,False,False,True,False
147,4.64,1.89,4,0,False,False,True,False,False,False,True,False,False,False,False
148,7.43,2.76,4,0,False,False,False,True,False,False,True,False,False,False,False
149,6.3,0.79,4,0,False,False,False,False,True,True,False,False,False,False,False
150,3.77,1.19,9,0,False,False,True,False,False,False,True,False,False,False,False
151,7.0,3.38,5,0,False,False,False,True,False,False,False,False,False,True,False
152,7.23,2.09,3,0,True,False,False,False,False,False,False,True,False,False,False
153,4.68,1.7,10,1,False,True,False,False,False,False,False,True,False,False,False
154,6.72,2.15,11,0,False,False,False,True,False,True,False,False,False,False,False
155,4.74,1.15,10,0,False,False,False,False,True,False,False,False,False,True,False
156,4.23,1.05,9,0,False,False,False,False,True,False,False,False,False,False,True
157,6.59,2.34,9,0,False,False,False,True,False,True,False,False,False,False,False
158,4.62,1.47,3,1,False,True,False,False,False,False,False,True,False,False,False
159,3.04,1.03,11,0,False,False,False,False,True,False,True,False,False,False,False
160,5.85,2.34,14,1,False,False,False,True,False,False,False,False,False,False,True
161,5.4,2.08,9,0,True,False,False,False,False,True,False,False,False,False,False
162,7.48,2.49,11,0,True,False,False,False,False,False,False,True,False,False,False
163,4.11,1.83,6,0,False,True,False,False,False,False,False,False,False,True,False
164,4.45,1.38,13,0,False,False,False,False,True,False,False,False,False,True,False
165,3.81,1.09,14,0,False,True,False,False,False,False,True,False,False,False,False
166,7.23,2.55,13,0,True,False,False,False,False,False,False,False,True,False,False
167,8.12,2.7,14,0,True,False,False,False,False,False,False,False,True,False,False
168,7.62,3.04,3,1,False,False,False,True,False,True,False,False,False,False,False
169,4.36,2.76,4,0,False,False,False,True,False,False,False,False,False,True,False
170,8.49,2.61,6,0,True,False,False,False,False,False,True,False,False,False,False
171,3.83,2.17,5,0,False,False,True,False,False,True,False,False,False,False,False
172,4.17,0.56,5,0,False,False,False,False,True,False,False,False,False,False,True
173,4.68,3.26,8,1,False,False,False,True,False,True,False,False,False,False,False
174,7.19,2.81,6,0,True,False,False,False,False,False,False,False,False,True,False
175,5.53,0.81,8,1,False,False,False,False,True,False,True,False,False,False,False
176,5.83,2.57,11,1,False,False,False,True,False,False,True,False,False,False,False
177,4.67,2.04,6,1,False,True,False,False,False,True,False,False,False,False,False
178,6.83,2.96,6,1,True,False,False,False,False,False,False,False,True,False,False
179,5.45,1.86,11,0,False,True,False,False,False,False,False,True,False,False,False
180,7.5,2.89,10,1,True,False,False,False,False,False,False,True,False,False,False
181,4.18,1.02,10,1,False,False,True,False,False,False,True,False,False,False,False
182,4.4,1.95,3,1,False,False,False,True,False,False,False,True,False,False,False
183,3.67,0.54,3,0,False,False,False,False,True,False,True,False,False,False,False
184,4.71,1.16,4,1,False,False,False,False,True,False,False,False,False,False,True
185,6.52,1.62,12,0,False,False,False,True,False,False,False,False,True,False,False
186,5.36,2.97,4,1,False,False,False,True,False,False,False,False,False,False,True
187,3.36,1.15,10,0,False,False,False,False,True,False,False,False,False,True,False
188,4.93,1.22,5,1,False,True,False,False,False,False,False,True,False,False,False
189,4.23,1.46,10,0,False,False,True,False,False,False,False,False,False,True,False
190,5.37,1.11,14,1,False,True,False,False,False,False,False,False,False,True,False
191,4.18,1.58,9,0,False,False,True,False,False,False,False,False,False,False,True
192,5.36,1.95,6,1,False,True,False,False,False,False,True,False,False,False,False
193,5.79,2.81,9,1,True,False,False,False,False,False,False,False,False,True,False
194,2.89,1.21,11,0,False,True,False,False,False,False,False,False,False,True,False
195,4.86,0.9,4,0,False,True,False,False,False,False,True,False,False,False,False
196,5.89,0.62,4,0,False,False,False,False,True,False,False,False,False,False,True
197,3.09,0.55,7,1,False,False,False,False,True,False,True,False,False,False,False
198,7.29,2.9,9,1,True,False,False,False,False,False,True,False,False,False,False
199,6.3,0.88,11,0,False,False,False,False,True,False,False,True,False,False,False
200,5.89,2.01,5,0,False,False,True,False,False,False,False,False,False,True,False
201,7.01,2.2,9,0,True,False,False,False,False,False,False,False,False,True,False
202,5.78,2.1,14,0,False,False,True,False,False,False,False,False,True,False,False
203,7.07,2.62,11,0,True,False,False,False,False,False,False,True,False,False,False
204,4.53,3.15,6,1,False,False,False,True,False,True,False,False,False,False,False
205,5.46,1.4,4,1,False,False,False,False,True,False,True,False,False,False,False
206,6.03,1.44,9,1,False,False,False,False,True,False,False,True,False,False,False
207,2.91,1.81,3,1,False,True,False,False,False,False,True,False,False,False,False
208,3.31,0.68,14,1,False,False,False,False,True,False,False,True,False,False,False
209,4.81,1.53,6,0,False,False,False,True,False,False,False,False,True,False,False
210,2.62,1.89,8,0,False,True,False,False,False,False,False,False,True,False,False
211,4.19,1.26,8,1,False,False,True,False,False,False,False,False,False,True,False
212,4.43,2.23,10,0,False,False,False,True,False,False,False,False,True,False,False
213,4.42,3.36,6,0,False,False,False,True,False,False,False,True,False,False,False
214,4.68,2.0,9,1,False,True,False,False,False,False,True,False,False,False,False
215,7.0,2.7,3,0,True,False,False,False,False,True,False,False,False,False,False
216,5.65,1.17,4,1,False,False,False,False,True,False,False,False,False,True,False
217,4.69,2.35,13,0,False,False,True,False,False,False,False,False,False,False,True
218,5.66,2.14,6,0,True,False,False,False,False,True,False,False,False,False,False
219,3.99,1.59,11,0,False,False,True,False,False,False,False,False,False,True,False
220,3.8,1.09,11,1,False,True,False,False,False,False,False,False,True,False,False
221,4.27,1.05,6,1,False,False,False,False,True,True,False,False,False,False,False
222,4.91,1.87,11,0,False,True,False,False,False,False,False,False,True,False,False
223,7.45,2.32,4,1,False,False,False,True,False,False,False,False,True,False,False
224,7.73,2.65,13,0,True,False,False,False,False,False,True,False,False,False,False
225,4.31,1.0,11,1,False,True,False,False,False,False,False,False,False,True,False
226,3.99,1.27,5,1,False,False,False,False,True,False,False,False,False,True,False
227,3.88,1.7,10,1,False,False,True,False,False,True,False,False,False,False,False
228,6.12,0.6,5,1,False,False,False,False,True,False,False,False,False,False,True
229,6.48,2.67,10,1,True,False,False,False,False,False,True,False,False,False,False
230,4.54,2.43,14,1,False,False,True,False,False,False,False,True,False,False,False
231,3.75,1.68,10,1,False,True,False,False,False,False,False,False,True,False,False
232,5.27,2.0,13,1,False,False,True,False,False,False,True,False,False,False,False
233,6.82,2.12,11,1,True,False,False,False,False,False,False,True,False,False,False
234,4.58,1.85,11,0,False,False,True,False,False,False,False,True,False,False,False
235,6.31,0.94,10,1,False,False,False,False,True,True,False,False,False,False,False
236,7.87,3.19,14,0,False,False,False,True,False,False,False,False,False,True,False
237,4.69,1.57,13,1,False,True,False,False,False,False,True,False,False,False,False
238,6.82,3.35,5,0,False,False,False,True,False,False,False,False,False,True,False
239,3.32,0.88,3,1,False,False,False,False,True,False,False,True,False,False,False
240,4.96,1.82,3,0,False,False,True,False,False,False,False,False,True,False,False
241,6.54,2.11,6,1,False,False,False,True,False,False,False,True,False,False,False
242,4.79,2.0,10,0,False,False,True,False,False,False,False,False,False,True,False
243,4.53,1.08,9,1,False,False,False,False,True,False,False,False,False,False,True
244,6.21,0.78,14,0,False,False,False,False,True,False,False,False,False,True,False
245,7.4,2.08,11,0,True,False,False,False,False,False,False,False,False,False,True
246,3.74,1.12,9,0,False,True,False,False,False,False,False,False,False,True,False
247,6.11,2.29,13,0,True,False,False,False,False,True,False,False,False,False,False
248,5.14,1.76,8,1,False,False,True,False,False,False,False,False,False,True,False
249,3.96,1.12,3,0,False,True,False,False,False,False,False,True,False,False,False
250,3.53,1.32,6,1,False,False,True,False,False,False,False,False,False,True,False
251,5.47,0.92,12,1,False,False,False,False,True,False,False,False,False,False,True
252,6.66,3.11,12,0,False,False,False,True,False,False,False,True,False,False,False
253,5.39,2.37,11,1,False,False,True,False,False,False,True,False,False,False,False
254,7.63,2.48,7,1,True,False,False,False,False,False,False,True,False,False,False
255,4.24,2.24,6,0,False,False,False,True,False,False,False,False,False,True,False
256,4.26,1.24,3,0,False,False,True,False,False,True,False,False,False,False,False
257,5.01,2.77,7,0,False,False,False,True,False,False,False,False,False,False,True
258,5.39,2.67,8,1,True,False,False,False,False,False,False,False,True,False,False
259,8.88,2.92,3,1,True,False,False,False,False,False,True,False,False,False,False
260,5.0,1.02,14,0,False,False,False,False,True,False,True,False,False,False,False
261,4.91,1.44,5,0,False,True,False,False,False,False,False,False,False,False,True
262,7.96,1.52,5,0,False,False,False,True,False,False,False,False,False,False,True
263,4.02,2.29,7,1,False,False,True,False,False,False,False,False,True,False,False
264,7.0,2.69,8,0,True,False,False,False,False,True,False,False,False,False,False
265,7.79,2.48,5,1,True,False,False,False,False,False,False,False,False,False,True
266,4.01,0.7,8,0,False,False,False,False,True,False,False,False,False,False,True
267,4.35,1.58,11,0,False,False,True,False,False,False,False,False,False,False,True
268,4.93,1.3,7,0,False,True,False,False,False,False,False,False,False,True,False
269,5.82,2.14,14,1,False,False,True,False,False,False,True,False,False,False,False
270,8.09,2.04,9,1,True,False,False,False,False,False,False,False,False,False,True
271,4.21,2.56,8,0,False,False,False,True,False,False,False,False,False,True,False
272,4.87,0.87,7,1,False,True,False,False,False,False,False,True,False,False,False
273,6.25,1.54,3,0,False,False,False,False,True,False,False,True,False,False,False
274,7.34,2.81,13,0,True,False,False,False,False,False,False,False,False,False,True
275,7.92,2.56,14,0,False,False,False,True,False,False,False,False,False,False,True
276,7.26,2.78,9,1,True,False,False,False,False,False,False,False,False,False,True
277,5.26,2.04,4,1,False,True,False,False,False,False,False,False,True,False,False
278,5.73,1.58,11,1,False,False,True,False,False,False,False,True,False,False,False
279,8.37,2.5,11,1,True,False,False,False,False,False,False,True,False,False,False
280,7.12,2.77,11,1,True,False,False,False,False,False,False,False,True,False,False
281,6.19,2.26,13,0,True,False,False,False,False,False,False,False,True,False,False
282,3.41,1.75,6,1,False,False,False,False,True,False,False,False,False,False,True
283,7.64,2.94,6,1,True,False,False,False,False,False,False,False,True,False,False
284,7.71,2.32,5,0,False,False,False,True,False,False,False,False,False,True,False
285,5.91,2.44,11,1,False,False,True,False,False,True,False,False,False,False,False
286,5.58,1.53,13,1,False,False,False,False,True,False,False,False,False,False,True
287,4.63,1.73,13,0,False,False,True,False,False,False,False,True,False,False,False
288,7.61,1.92,9,0,False,False,False,True,False,False,False,True,False,False,False
289,4.66,0.75,4,1,False,False,False,False,True,False,False,False,True,False,False
290,4.58,1.9,11,0,False,False,False,True,False,True,False,False,False,False,False
291,7.05,2.24,14,0,True,False,False,False,False,False,False,True,False,False,False
292,7.04,2.88,9,1,True,False,False,False,False,False,False,False,True,False,False
293,4.24,0.67,7,1,False,False,False,False,True,False,False,False,False,True,False
294,5.82,2.39,14,0,False,False,False,True,False,False,False,True,False,False,False
295,6.99,2.41,11,0,True,False,False,False,False,False,False,True,False,False,False
296,5.77,1.2,7,0,False,False,False,False,True,False,True,False,False,False,False
297,3.04,2.03,9,0,False,True,False,False,False,False,False,False,False,True,False
298,6.04,1.52,3,0,False,False,False,True,False,False,False,False,False,True,False
299,5.98,2.47,12,1,True,False,False,False,False,False,True,False,False,False,False
300,4.37,0.61,3,1,False,False,False,False,True,False,False,False,False,False,True
301,4.02,1.93,8,0,False,False,True,False,False,False,False,False,False,True,False
302,7.07,2.83,14,1,False,False,False,True,False,False,False,False,False,False,True
303,3.2,1.52,12,1,False,False,False,False,True,False,True,False,False,False,False
304,6.05,1.59,11,1,False,False,False,True,False,True,False,False,False,False,False
305,5.99,2.4,9,0,True,False,False,False,False,False,True,False,False,False,False
306,3.63,2.2,9,0,False,False,True,False,False,False,False,False,False,True,False
307,5.53,1.24,9,0,False,False,True,False,False,False,False,True,False,False,False
308,5.68,1.04,6,1,False,False,True,False,False,False,True,False,False,False,False
309,4.19,2.06,12,0,False,True,False,False,False,True,False,False,False,False,False
310,4.88,1.14,5,0,False,True,False,False,False,False,False,False,False,False,True
311,4.61,1.22,12,1,False,False,False,False,True,False,False,False,True,False,False
312,7.16,2.05,12,1,False,False,False,True,False,True,False,False,False,False,False
313,4.28,2.4,14,0,False,False,False,True,False,False,False,False,False,True,False
314,5.22,1.76,13,0,False,False,True,False,False,False,False,True,False,False,False
315,3.66,1.91,4,0,False,True,False,False,False,False,False,False,False,False,True
316,5.88,2.31,9,1,False,False,True,False,False,False,False,False,False,True,False
317,6.58,2.77,9,0,True,False,False,False,False,True,False,False,False,False,False
318,5.15,2.03,9,1,False,False,False,True,False,False,False,False,True,False,False
319,7.05,2.52,9,1,True,False,False,False,False,False,False,False,False,False,True
320,4.2,1.87,10,0,False,True,False,False,False,False,False,False,False,True,False
321,5.75,2.16,14,1,True,False,False,False,False,False,False,True,False,False,False
322,4.21,2.15,13,0,False,False,True,False,False,False,False,False,False,False,True
323,4.08,1.09,12,1,False,True,False,False,False,False,False,False,True,False,False
324,3.65,1.14,13,0,False,False,False,False,True,False,True,False,False,False,False
325,4.56,0.63,14,1,False,False,False,False,True,False,True,False,False,False,False
326,4.53,1.7,6,1,False,True,False,False,False,False,True,False,False,False,False
327,5.18,1.64,10,0,False,False,True,False,False,False,False,False,False,False,True
328,7.57,2.58,6,1,False,False,False,True,False,False,False,False,True,False,False
329,3.89,1.99,6,0,False,True,False,False,False,False,False,False,False,True,False
330,4.99,2.84,8,0,False,False,False,True,False,True,False,False,False,False,False
331,4.34,1.35,3,1,False,True,False,False,False,False,False,True,False,False,False
332,5.48,2.4,6,0,False,False,False,True,False,False,False,False,True,False,False
333,3.64,1.55,11,1,False,True,False,False,False,False,False,False,True,False,False
334,7.27,3.0,8,1,False,False,False,True,False,True,False,False,False,False,False
335,3.75,1.41,9,1,False,True,False,False,False,False,False,False,True,False,False
336,3.65,1.66,4,0,False,False,False,False,True,False,False,False,False,True,False
337,5.51,0.68,10,1,False,False,False,False,True,False,False,True,False,False,False
338,4.49,1.5,13,0,False,True,False,False,False,False,False,False,True,False,False
339,7.37,2.57,9,1,True,False,False,False,False,False,True,False,False,False,False
340,4.7,0.92,8,0,False,True,False,False,False,True,False,False,False,False,False
341,4.35,1.46,8,1,False,False,False,False,True,True,False,False,False,False,False
342,5.18,2.42,14,1,True,False,False,False,False,False,False,False,True,False,False
343,5.43,1.39,12,1,False,False,True,False,False,False,False,False,False,True,False
344,4.39,2.08,7,0,False,False,False,True,False,False,True,False,False,False,False
345,5.85,2.91,4,0,False,False,False,True,False,False,True,False,False,False,False
346,3.72,0.75,9,1,False,False,False,False,True,False,False,False,True,False,False
347,6.49,2.75,9,0,True,False,False,False,False,False,True,False,False,False,False
348,5.96,1.26,10,0,False,False,False,False,True,False,True,False,False,False,False
349,5.1,2.98,9,0,True,False,False,False,False,False,False,False,False,False,True
350,4.25,2.99,14,1,False,False,False,True,False,False,False,False,True,False,False
351,4.75,1.39,8,0,False,True,False,False,False,False,False,False,False,False,True
352,5.98,2.16,12,0,False,False,True,False,False,False,False,True,False,False,False
353,7.91,2.12,14,0,False,False,False,True,False,False,True,False,False,False,False
354,3.3,0.76,10,0,False,False,False,False,True,False,True,False,False,False,False
355,5.97,1.74,3,1,False,False,False,False,True,False,True,False,False,False,False
356,7.58,2.5,11,0,False,False,False,True,False,False,False,False,False,False,True
357,4.45,2.87,13,1,False,False,False,True,False,False,True,False,False,False,False
358,4.48,0.89,11,0,False,True,False,False,False,False,False,False,False,True,False
359,6.76,1.85,5,0,False,False,False,True,False,False,True,False,False,False,False
360,3.33,0.96,11,1,False,True,False,False,False,False,False,False,False,True,False
361,4.85,2.2,14,0,False,False,True,False,False,True,False,False,False,False,False
362,5.74,1.79,9,1,False,False,False,False,True,True,False,False,False,False,False
363,3.87,1.29,13,1,False,True,False,False,False,False,False,False,True,False,False
364,5.65,0.8,5,0,False,False,False,False,True,False,False,False,True,False,False
365,3.64,1.64,11,0,False,True,False,False,False,False,False,False,False,True,False
366,4.52,3.26,11,1,False,False,False,True,False,False,False,False,True,False,False
367,3.94,1.97,5,0,False,True,False,False,False,False,True,False,False,False,False
368,3.95,1.92,3,0,False,True,False,False,False,False,False,False,False,False,True
369,4.71,2.75,5,1,False,False,False,True,False,False,True,False,False,False,False
370,5.4,1.78,14,0,False,False,False,True,False,False,True,False,False,False,False
371,5.98,1.68,7,1,False,False,True,False,False,False,False,False,False,False,True
372,4.62,3.12,10,0,False,False,False,True,False,False,False,False,True,False,False
373,2.54,1.68,12,1,False,True,False,False,False,False,False,False,False,False,True
374,5.0,1.85,8,0,False,False,True,False,False,True,False,False,False,False,False
375,3.65,0.87,5,1,False,True,False,False,False,False,False,True,False,False,False
376,3.39,1.55,13,1,False,False,False,False,True,False,True,False,False,False,False
377,4.29,1.11,11,1,False,False,False,False,True,False,True,False,False,False,False
378,5.3,1.07,7,1,False,False,False,False,True,False,False,False,False,False,True
379,8.23,2.97,14,0,True,False,False,False,False,False,False,True,False,False,False
380,4.3,1.34,5,0,False,False,True,False,False,False,False,False,True,False,False
381,5.5,3.0,5,1,False,False,False,True,False,False,False,True,False,False,False
382,5.27,2.89,10,1,True,False,False,False,False,False,False,True,False,False,False
383,4.18,1.14,12,1,False,True,False,False,False,True,False,False,False,False,False
384,5.48,2.31,7,1,False,False,True,False,False,False,False,False,False,True,False
385,4.95,1.45,14,0,False,False,True,False,False,False,False,False,True,False,False
386,4.5,1.4,8,1,False,True,False,False,False,True,False,False,False,False,False
387,5.83,1.87,3,1,False,False,True,False,False,False,False,True,False,False,False
388,6.22,1.7,10,1,False,False,False,False,True,False,False,False,True,False,False
389,4.84,1.53,4,1,False,False,False,True,False,True,False,False,False,False,False
390,5.12,3.15,11,1,False,False,False,True,False,False,False,True,False,False,False
391,3.98,1.21,11,1,False,False,True,False,False,False,True,False,False,False,False
392,5.63,2.75,14,0,False,False,False,True,False,True,False,False,False,False,False
393,4.86,1.6,12,0,False,False,False,False,True,False,False,False,True,False,False
394,5.4,1.64,6,0,False,False,True,False,False,False,False,False,False,True,False
395,5.84,1.58,10,1,False,False,True,False,False,False,False,False,False,False,True
396,7.99,2.14,4,0,False,False,False,True,False,False,False,False,True,False,False
397,8.99,2.09,14,1,True,False,False,False,False,True,False,False,False,False,False
398,5.62,2.02,13,1,False,False,False,True,False,False,False,False,False,False,True
399,6.79,2.6,10,1,True,False,False,False,False,True,False,False,False,False,False
400,3.54,1.69,6,0,False,False,False,False,True,False,False,False,False,True,False
401,3.6,1.08,11,0,False,True,False,False,False,False,False,False,True,False,False
402,4.06,2.98,6,1,False,False,False,True,False,False,False,False,False,False,True
403,4.51,1.09,9,0,False,False,False,False,True,False,False,False,True,False,False
404,4.43,1.69,4,0,False,False,False,True,False,False,False,False,True,False,False
405,2.59,1.49,14,1,False,True,False,False,False,False,False,False,True,False,False
406,5.3,1.12,14,1,False,False,False,False,True,True,False,False,False,False,False
407,3.88,1.54,9,1,False,False,False,False,True,False,False,True,False,False,False
408,5.64,1.94,8,1,False,False,False,True,False,False,False,False,True,False,False
409,5.57,2.85,7,1,False,False,False,True,False,False,True,False,False,False,False
410,5.15,2.02,3,0,False,True,False,False,False,False,False,False,False,True,False
411,5.18,2.13,5,1,False,False,False,True,False,False,False,False,False,False,True
412,6.53,2.36,8,1,True,False,False,False,False,False,False,False,False,False,True
413,4.55,2.97,4,1,False,False,False,True,False,False,False,True,False,False,False
414,5.0,1.78,4,0,False,False,False,False,True,False,False,False,False,False,True
415,3.68,2.32,8,1,False,False,True,False,False,False,False,True,False,False,False
416,5.81,2.07,9,1,True,False,False,False,False,False,False,True,False,False,False
417,5.65,2.41,14,0,False,False,True,False,False,False,False,False,False,False,True
418,4.91,1.23,11,0,False,True,False,False,False,False,False,False,False,True,False
419,5.5,1.75,7,0,False,False,False,False,True,False,False,False,False,False,True
420,7.33,2.54,6,1,True,False,False,False,False,False,False,False,False,False,True
421,5.31,2.2,4,0,False,False,True,False,False,False,False,False,False,False,True
422,4.13,1.43,9,1,False,False,False,False,True,False,False,False,True,False,False
423,4.59,1.72,13,0,False,False,True,False,False,False,False,False,True,False,False
424,7.73,3.01,5,0,False,False,False,True,False,False,False,False,True,False,False
425,3.86,1.58,13,0,False,False,True,False,False,False,True,False,False,False,False
426,4.83,3.12,3,1,False,False,False,True,False,False,False,False,False,True,False
427,3.23,0.86,11,0,False,True,False,False,False,False,False,False,True,False,False
428,4.65,1.97,13,1,False,False,False,True,False,False,False,False,False,False,True
429,4.5,2.52,6,1,False,False,False,True,False,True,False,False,False,False,False
430,7.37,1.66,3,0,False,False,False,True,False,False,True,False,False,False,False
431,5.53,2.51,14,0,True,False,False,False,False,True,False,False,False,False,False
432,6.44,2.59,14,0,True,False,False,False,False,False,True,False,False,False,False
433,6.19,1.74,4,0,False,False,False,True,False,False,False,False,False,True,False
434,4.12,1.1,13,1,False,False,True,False,False,False,False,False,False,True,False
435,3.66,1.53,12,0,False,False,False,False,True,False,False,False,False,False,True
436,5.39,1.26,12,1,False,True,False,False,False,False,False,False,False,True,False
437,5.64,2.99,3,1,True,False,False,False,False,False,False,False,False,True,False
438,2.74,1.5,11,0,False,True,False,False,False,False,False,False,False,False,True
439,4.89,1.49,13,0,False,False,False,False,True,False,False,False,True,False,False
440,4.41,0.87,4,1,False,False,False,False,True,False,False,False,False,False,True
441,4.19,1.35,5,1,False,True,False,False,False,False,True,False,False,False,False
442,5.74,2.36,8,0,True,False,False,False,False,False,False,False,True,False,False
443,7.57,2.44,10,1,True,False,False,False,False,False,False,False,False,True,False
444,3.34,1.08,6,1,False,True,False,False,False,False,False,True,False,False,False
445,6.23,1.0,8,0,False,False,False,False,True,False,False,False,False,True,False
446,6.67,3.18,12,0,False,False,False,True,False,False,False,False,False,False,True
447,4.62,2.32,14,1,False,False,True,False,False,False,False,False,False,True,False
448,4.1,2.08,14,0,False,False,True,False,False,False,False,False,True,False,False
449,3.98,1.07,6,1,False,False,False,False,True,False,False,False,False,False,True
450,5.76,0.99,14,0,False,False,False,False,True,False,False,False,False,True,False
451,7.14,2.09,13,0,True,False,False,False,False,True,False,False,False,False,False
452,3.77,0.74,14,1,False,False,False,False,True,False,False,True,False,False,False
453,6.43,0.77,3,1,False,False,False,False,True,False,False,True,False,False,False
454,6.83,2.09,8,0,True,False,False,False,False,False,False,True,False,False,False
455,5.69,2.72,7,1,True,False,False,False,False,False,True,False,False,False,False
456,6.88,3.42,13,0,False,False,False,True,False,False,False,True,False,False,False
457,3.65,1.82,8,1,False,True,False,False,False,False,False,False,False,False,True
458,6.75,2.72,10,1,True,False,False,False,False,False,False,False,False,False,True
459,6.21,0.73,10,0,False,False,False,False,True,False,False,False,False,False,True
460,4.57,1.3,9,1,False,False,True,False,False,False,False,False,False,True,False
461,4.69,2.01,8,1,False,True,False,False,False,True,False,False,False,False,False
462,4.19,1.36,12,1,False,False,True,False,False,False,True,False,False,False,False
463,4.09,1.56,14,0,False,True,False,False,False,True,False,False,False,False,False
464,5.2,1.28,5,1,False,False,True,False,False,False,False,False,True,False,False
465,7.9,2.49,8,0,True,False,False,False,False,False,False,True,False,False,False
466,7.19,3.44,4,0,False,False,False,True,False,False,False,False,False,True,False
467,5.98,2.19,5,1,False,False,False,True,False,False,False,False,False,True,False
468,3.42,1.62,6,1,False,True,False,False,False,True,False,False,False,False,False
469,4.46,1.88,3,0,False,False,True,False,False,False,False,False,True,False,False
470,6.26,2.48,9,1,True,False,False,False,False,False,False,False,True,False,False
471,5.32,2.74,7,0,True,False,False,False,False,False,False,False,False,True,False
472,6.24,2.55,4,0,True,False,False,False,False,False,False,True,False,False,False
473,5.78,1.43,7,1,False,False,False,False,True,True,False,False,False,False,False
474,4.6,1.33,5,1,False,True,False,False,False,False,False,True,False,False,False
475,3.27,1.15,3,1,False,True,False,False,False,True,False,False,False,False,False
476,5.86,1.04,5,0,False,False,False,False,True,False,False,False,False,False,True
477,5.44,1.07,12,1,False,True,False,False,False,False,False,False,True,False,False
478,3.58,1.57,5,1,False,True,False,False,False,False,False,False,False,True,False
479,4.17,1.97,4,0,False,False,False,True,False,False,False,False,False,True,False
480,6.97,2.03,13,0,True,False,False,False,False,False,False,True,False,False,False
481,6.57,2.21,4,1,True,False,False,False,False,False,False,False,True,False,False
482,2.69,2.09,11,1,False,True,False,False,False,False,False,False,False,False,True
483,5.84,2.89,7,1,True,False,False,False,False,False,False,False,True,False,False
484,4.17,2.15,4,0,False,False,False,True,False,False,False,True,False,False,False
485,8.57,2.19,8,0,True,False,False,False,False,False,False,False,True,False,False
486,3.49,1.62,3,1,False,True,False,False,False,False,False,False,False,True,False
487,7.33,2.43,6,1,False,False,False,True,False,False,True,False,False,False,False
488,7.02,2.13,9,0,True,False,False,False,False,False,False,False,False,True,False
489,6.39,1.08,4,0,False,False,False,False,True,False,False,False,False,False,True
490,4.24,1.59,7,1,False,False,False,True,False,False,False,False,True,False,False
491,4.75,1.37,3,1,False,True,False,False,False,False,False,False,True,False,False
492,3.69,1.08,11,1,False,False,True,False,False,False,False,False,True,False,False
493,6.65,3.24,13,0,False,False,False,True,False,False,False,False,True,False,False
494,7.91,2.29,13,0,True,False,False,False,False,True,False,False,False,False,False
495,4.19,1.67,4,0,False,True,False,False,False,False,False,False,True,False,False
496,3.65,1.21,10,1,False,True,False,False,False,True,False,False,False,False,False
497,5.79,2.98,14,0,False,False,False,True,False,False,False,False,False,False,True
498,3.58,1.12,12,0,False,False,True,False,False,False,False,False,True,False,False
499,5.36,2.17,6,0,False,True,False,False,False,False,True,False,False,False,False
500,5.18,2.22,8,1,False,False,True,False,False,False,False,True,False,False,False
501,3.92,0.87,6,0,False,False,False,False,True,False,True,False,False,False,False
502,4.24,1.92,5,1,False,False,False,True,False,True,False,False,False,False,False
503,4.06,1.58,11,1,False,False,False,False,True,False,False,True,False,False,False
504,5.98,2.25,9,1,False,False,False,True,False,False,False,False,False,True,False
505,2.96,2.11,8,0,False,True,False,False,False,False,True,False,False,False,False
506,4.18,2.51,12,1,False,False,False,True,False,False,False,False,False,True,False
507,3.18,0.92,5,0,False,False,False,False,True,True,False,False,False,False,False
508,5.25,2.06,12,1,False,True,False,False,False,True,False,False,False,False,False
509,5.99,2.68,6,1,False,False,False,True,False,False,True,False,False,False,False
510,5.65,2.41,4,0,False,False,True,False,False,True,False,False,False,False,False
511,5.64,3.29,3,0,False,False,False,True,False,False,False,False,True,False,False
512,2.67,1.31,12,0,False,True,False,False,False,False,False,True,False,False,False
513,8.53,2.21,12,1,True,False,False,False,False,False,False,True,False,False,False
514,5.92,1.15,14,0,False,False,True,False,False,False,False,False,False,True,False
515,4.67,1.83,3,0,False,False,False,True,False,False,False,True,False,False,False
516,8.8,2.11,13,1,True,False,False,False,False,False,False,False,False,True,False
517,6.62,2.37,9,1,True,False,False,False,False,True,False,False,False,False,False
518,5.0,1.55,14,0,False,True,False,False,False,False,True,False,False,False,False
519,7.95,2.9,11,0,True,False,False,False,False,False,False,False,False,True,False
520,8.88,2.01,3,1,True,False,False,False,False,False,False,True,False,False,False
521,6.63,2.0,4,1,True,False,False,False,False,False,False,False,False,False,True
522,4.81,0.54,9,0,False,False,False,False,True,False,False,False,True,False,False
523,4.76,3.05,12,0,False,False,False,True,False,False,False,False,False,False,True
524,3.6,2.13,9,1,False,True,False,False,False,False,True,False,False,False,False
525,7.04,2.37,9,0,True,False,False,False,False,False,False,False,False,True,False
526,7.26,1.9,11,1,False,False,False,True,False,False,False,False,True,False,False
527,6.5,1.49,14,1,False,False,False,False,True,False,True,False,False,False,False
528,3.83,2.07,5,0,False,False,True,False,False,False,False,True,False,False,False
529,5.94,2.67,6,1,False,False,False,True,False,False,False,True,False,False,False
530,3.81,1.07,6,1,False,False,True,False,False,False,False,True,False,False,False
531,6.13,0.83,9,1,False,False,False,False,True,True,False,False,False,False,False
532,3.6,1.72,5,0,False,False,True,False,False,True,False,False,False,False,False
533,4.91,2.12,12,1,False,False,True,False,False,False,False,False,False,False,True
534,6.5,2.79,11,0,True,False,False,False,False,False,False,False,False,True,False
535,5.63,2.01,13,1,True,False,False,False,False,False,False,False,True,False,False
536,2.95,1.36,11,1,False,True,False,False,False,False,False,True,False,False,False
537,5.22,2.79,8,0,False,False,False,True,False,False,False,True,False,False,False
538,7.46,2.03,11,0,True,False,False,False,False,False,False,True,False,False,False
539,6.26,1.62,3,1,False,False,False,True,False,False,False,False,False,True,False
540,4.42,1.99,10,0,False,False,True,False,False,False,True,False,False,False,False
541,5.08,1.21,3,1,False,True,False,False,False,False,False,False,True,False,False
542,2.73,1.95,14,0,False,True,False,False,False,False,False,True,False,False,False
543,6.1,1.47,7,1,False,False,False,False,True,True,False,False,False,False,False
544,5.03,1.39,9,1,False,False,False,False,True,False,False,True,False,False,False
545,5.19,2.65,7,1,True,False,False,False,False,False,False,True,False,False,False
546,7.06,2.57,7,1,True,False,False,False,False,False,True,False,False,False,False
547,6.6,2.78,7,0,False,False,False,True,False,False,False,False,False,False,True
548,7.04,2.66,14,1,True,False,False,False,False,False,True,False,False,False,False
549,4.04,2.44,6,0,False,False,False,True,False,False,False,False,False,True,False
550,7.5,2.73,6,0,True,False,False,False,False,False,True,False,False,False,False
551,4.63,1.56,10,1,False,True,False,False,False,False,False,False,False,True,False
552,5.03,3.21,11,1,False,False,False,True,False,False,False,True,False,False,False
553,3.26,1.31,4,1,False,False,False,False,True,False,True,False,False,False,False
554,3.36,0.93,3,1,False,True,False,False,False,False,True,False,False,False,False
555,4.54,1.49,4,1,False,False,True,False,False,False,False,False,False,False,True
556,6.25,1.93,14,1,False,False,False,True,False,False,False,False,False,True,False
557,7.07,2.89,4,0,True,False,False,False,False,False,False,False,False,False,True
558,5.36,1.49,6,1,False,False,True,False,False,False,False,False,False,True,False
559,4.72,0.81,11,1,False,True,False,False,False,False,False,True,False,False,False
560,4.15,1.12,5,0,False,False,True,False,False,False,True,False,False,False,False
561,6.47,2.42,3,1,True,False,False,False,False,False,False,False,False,False,True
562,2.7,1.31,6,1,False,True,False,False,False,False,True,False,False,False,False
563,6.24,1.56,6,0,False,False,False,False,True,False,False,False,False,False,True
564,4.59,2.66,10,0,False,False,False,True,False,False,False,False,False,True,False
565,5.19,2.19,13,0,False,False,False,True,False,False,False,False,False,False,True
566,6.09,1.44,8,0,False,False,False,False,True,False,False,False,False,True,False
567,5.95,2.75,13,0,True,False,False,False,False,False,False,False,False,False,True
568,4.97,2.05,12,1,False,False,True,False,False,True,False,False,False,False,False
569,4.04,1.67,7,0,False,False,True,False,False,False,False,False,False,True,False
570,4.54,1.87,3,1,False,False,True,False,False,True,False,False,False,False,False
571,7.55,3.23,11,1,False,False,False,True,False,True,False,False,False,False,False
572,3.76,1.53,13,0,False,True,False,False,False,False,False,True,False,False,False
573,6.99,2.84,3,0,False,False,False,True,False,False,False,True,False,False,False
574,4.98,1.12,11,0,False,False,True,False,False,False,True,False,False,False,False
575,3.56,1.32,4,1,False,False,True,False,False,False,False,False,True,False,False
576,4.76,2.13,3,1,False,True,False,False,False,False,False,True,False,False,False
577,6.06,2.01,12,0,True,False,False,False,False,False,False,True,False,False,False
578,3.5,0.64,5,0,False,False,False,False,True,False,False,True,False,False,False
579,5.95,1.53,7,1,False,False,True,False,False,False,False,False,False,True,False
580,8.58,2.18,4,0,True,False,False,False,False,False,False,False,True,False,False
581,4.62,1.07,6,1,False,False,True,False,False,False,False,True,False,False,False
582,3.88,1.36,3,0,False,True,False,False,False,True,False,False,False,False,False
583,3.05,1.36,9,0,False,True,False,False,False,False,True,False,False,False,False
584,6.03,2.09,13,1,False,False,False,True,False,True,False,False,False,False,False
585,3.67,1.53,7,1,False,False,False,False,True,True,False,False,False,False,False
586,3.92,1.68,12,1,False,True,False,False,False,False,False,False,True,False,False
587,8.01,2.23,3,1,True,False,False,False,False,False,True,False,False,False,False
588,5.1,1.5,5,0,False,False,False,True,False,False,True,False,False,False,False
589,3.81,1.37,9,0,False,True,False,False,False,False,True,False,False,False,False
590,4.13,1.6,5,0,False,False,True,False,False,False,False,False,False,False,True
591,4.71,0.92,14,0,False,True,False,False,False,False,False,False,True,False,False
592,4.78,1.6,8,1,False,False,False,False,True,False,True,False,False,False,False
593,6.84,2.77,13,1,True,False,False,False,False,False,True,False,False,False,False
594,4.3,2.02,6,0,False,True,False,False,False,False,False,True,False,False,False
595,5.62,2.37,9,1,False,False,True,False,False,False,True,False,False,False,False
596,3.68,2.06,14,1,False,False,True,False,False,False,True,False,False,False,False
597,4.19,2.14,8,0,False,False,True,False,False,False,True,False,False,False,False
598,4.29,0.88,8,1,False,True,False,False,False,False,True,False,False,False,False
599,5.04,2.3,5,1,True,False,False,False,False,True,False,False,False,False,False
600,4.93,1.34,10,1,False,False,False,False,True,False,False,True,False,False,False
601,4.29,1.64,3,1,False,False,True,False,False,False,False,False,True,False,False
602,7.76,2.06,8,1,True,False,False,False,False,False,False,False,False,True,False
603,5.99,2.0,12,1,False,False,True,False,False,False,False,False,True,False,False
604,5.02,1.5,14,1,False,False,False,False,True,True,False,False,False,False,False
605,2.64,1.08,9,1,False,True,False,False,False,False,False,False,True,False,False
606,2.59,1.22,7,1,False,True,False,False,False,False,False,False,False,False,True
607,4.47,1.35,13,0,False,True,False,False,False,False,False,True,False,False,False
608,5.79,1.73,8,1,False,False,True,False,False,False,False,True,False,False,False
609,7.45,2.27,3,0,True,False,False,False,False,False,False,False,True,False,False
610,8.03,2.15,13,0,True,False,False,False,False,False,False,True,False,False,False
611,4.39,1.91,10,1,False,False,False,True,False,True,False,False,False,False,False
612,4.42,1.22,7,1,False,False,False,False,True,False,True,False,False,False,False
613,6.7,2.78,10,0,True,False,False,False,False,False,True,False,False,False,False
614,7.88,2.05,14,0,True,False,False,False,False,False,True,False,False,False,False
615,6.0,1.77,7,0,False,False,False,True,False,False,False,False,True,False,False
616,8.09,2.46,13,0,True,False,False,False,False,False,False,False,True,False,False
617,3.47,0.94,8,0,False,True,False,False,False,False,False,False,False,True,False
618,6.07,1.15,4,0,False,False,False,False,True,False,False,False,False,True,False
619,4.12,0.54,12,0,False,False,False,False,True,True,False,False,False,False,False
620,5.76,2.34,10,0,False,False,True,False,False,True,False,False,False,False,False
621,6.02,2.13,11,0,False,False,False,True,False,False,False,False,True,False,False
622,4.09,1.69,8,0,False,True,False,False,False,False,True,False,False,False,False
623,5.04,2.41,9,1,True,False,False,False,False,False,True,False,False,False,False
624,5.13,1.06,5,0,False,False,False,False,True,True,False,False,False,False,False
625,6.1,1.58,7,0,False,False,False,True,False,False,False,False,True,False,False
626,3.44,1.43,9,1,False,True,False,False,False,True,False,False,False,False,False
627,4.7,0.9,14,1,False,True,False,False,False,False,False,True,False,False,False
628,3.46,1.02,13,1,False,False,False,False,True,False,False,False,True,False,False
629,2.91,0.93,11,0,False,True,False,False,False,False,False,False,True,False,False
630,3.48,0.53,3,1,False,False,False,False,True,False,False,True,False,False,False
631,4.52,0.96,4,0,False,True,False,False,False,False,True,False,False,False,False
632,7.79,2.9,5,0,False,False,False,True,False,False,False,False,True,False,False
633,7.49,3.49,12,0,False,False,False,True,False,False,True,False,False,False,False
634,7.22,2.11,14,0,True,False,False,False,False,False,False,False,True,False,False
635,3.67,1.64,6,0,False,False,True,False,False,True,False,False,False,False,False
636,5.34,1.59,3,1,False,False,True,False,False,False,False,False,False,True,False
637,4.29,3.24,6,1,False,False,False,True,False,False,False,False,False,False,True
638,5.62,1.58,8,1,False,False,True,False,False,True,False,False,False,False,False
639,5.32,2.12,4,0,False,True,False,False,False,False,True,False,False,False,False
640,4.55,1.46,11,1,False,False,False,False,True,False,False,False,True,False,False
641,6.04,2.91,3,0,False,False,False,True,False,False,False,False,False,True,False
642,5.46,1.85,5,0,False,False,False,True,False,False,False,True,False,False,False
643,3.7,1.04,12,0,False,False,True,False,False,False,True,False,False,False,False
644,5.1,1.86,13,0,False,False,True,False,False,False,False,False,False,True,False
645,4.29,2.34,4,1,False,False,True,False,False,False,False,False,False,True,False
646,4.41,2.23,12,1,False,False,True,False,False,False,False,True,False,False,False
647,8.39,2.14,10,1,True,False,False,False,False,True,False,False,False,False,False
648,4.83,1.71,3,1,False,True,False,False,False,False,False,False,False,True,False
649,2.7,1.35,5,0,False,True,False,False,False,False,False,True,False,False,False
650,4.35,0.69,8,1,False,False,False,False,True,False,False,False,False,False,True
651,7.18,2.42,4,1,True,False,False,False,False,False,False,True,False,False,False
652,4.62,1.03,3,1,False,True,False,False,False,False,False,False,True,False,False
653,6.0,0.61,8,1,False,False,False,False,True,True,False,False,False,False,False
654,4.37,1.58,11,0,False,True,False,False,False,False,False,False,False,True,False
655,4.61,1.8,9,0,False,False,True,False,False,False,False,True,False,False,False
656,2.98,2.16,7,0,False,True,False,False,False,False,False,False,True,False,False
657,4.79,1.28,7,0,False,False,True,False,False,False,False,False,False,False,True
658,3.43,1.72,8,0,False,True,False,False,False,False,False,False,False,False,True
659,5.72,2.05,9,1,True,False,False,False,False,False,False,False,False,True,False
660,7.96,2.41,12,0,True,False,False,False,False,False,True,False,False,False,False
661,4.77,1.18,7,0,False,False,False,False,True,False,False,True,False,False,False
662,5.04,1.36,5,0,False,False,False,False,True,False,False,True,False,False,False
663,4.41,1.31,13,0,False,True,False,False,False,False,True,False,False,False,False
664,3.79,1.29,8,0,False,False,True,False,False,False,False,False,True,False,False
665,6.79,2.07,11,1,False,False,False,True,False,False,False,False,False,False,True
666,7.35,2.07,5,0,True,False,False,False,False,False,False,False,False,True,False
667,7.02,2.8,3,1,False,False,False,True,False,False,False,False,True,False,False
668,5.02,1.45,4,0,False,True,False,False,False,False,False,True,False,False,False
669,7.43,2.17,13,1,False,False,False,True,False,False,False,False,False,True,False
670,3.8,1.61,6,1,False,False,True,False,False,True,False,False,False,False,False
671,5.33,3.15,12,1,False,False,False,True,False,False,False,False,True,False,False
672,2.72,0.88,3,1,False,True,False,False,False,False,False,False,True,False,False
673,3.96,1.37,13,1,False,True,False,False,False,False,False,True,False,False,False
674,8.96,2.99,12,0,True,False,False,False,False,False,False,False,True,False,False
675,6.99,2.63,11,1,True,False,False,False,False,False,True,False,False,False,False
676,7.21,1.71,14,1,False,False,False,True,False,False,False,False,False,True,False
677,4.48,1.06,8,1,False,False,False,False,True,False,False,False,False,True,False
678,5.06,2.84,13,0,False,False,False,True,False,False,False,True,False,False,False
679,4.53,1.9,13,0,False,True,False,False,False,False,False,False,False,True,False
680,4.48,1.15,3,1,False,False,True,False,False,True,False,False,False,False,False
681,3.61,1.11,11,0,False,True,False,False,False,False,False,False,False,False,True
682,4.95,1.9,5,0,False,True,False,False,False,False,False,False,False,True,False
683,6.26,0.81,14,0,False,False,False,False,True,False,True,False,False,False,False
684,7.68,2.73,11,0,True,False,False,False,False,False,False,False,False,True,False
685,3.23,0.78,9,1,False,False,False,False,True,True,False,False,False,False,False
686,5.51,2.55,8,0,False,False,False,True,False,False,False,True,False,False,False
687,6.98,2.75,12,0,True,False,False,False,False,True,False,False,False,False,False
688,3.06,1.88,3,0,False,True,False,False,False,False,False,False,False,False,True
689,4.09,2.03,8,0,False,False,True,False,False,True,False,False,False,False,False
690,7.32,2.3,9,1,False,False,False,True,False,False,False,False,True,False,False
691,4.2,1.6,3,0,False,False,True,False,False,False,False,False,True,False,False
692,5.16,1.39,6,0,False,True,False,False,False,False,False,False,True,False,False
693,5.23,2.04,11,0,False,False,True,False,False,False,True,False,False,False,False
694,5.22,1.95,10,1,False,False,False,True,False,False,False,True,False,False,False
695,3.02,1.49,11,0,False,False,False,False,True,False,False,False,False,True,False
696,5.8,1.11,11,1,False,False,False,False,True,False,False,False,False,False,True
697,4.38,1.7,11,0,False,False,True,False,False,False,False,True,False,False,False
698,6.51,2.39,14,0,False,False,False,True,False,False,False,True,False,False,False
699,5.17,1.77,8,0,False,False,False,False,True,False,True,False,False,False,False
700,4.75,2.28,11,1,False,False,True,False,False,False,False,True,False,False,False
701,4.22,1.03,5,1,False,True,False,False,False,False,False,False,False,False,True
702,5.66,2.93,11,1,False,False,False,True,False,False,False,True,False,False,False
703,5.0,1.95,10,0,False,True,False,False,False,True,False,False,False,False,False
704,4.24,2.43,13,1,False,False,False,True,False,False,False,False,True,False,False
705,6.31,3.24,14,1,False,False,False,True,False,False,False,True,False,False,False
706,7.02,2.61,8,1,False,False,False,True,False,False,True,False,False,False,False
707,4.91,1.11,4,0,False,False,False,False,True,False,False,True,False,False,False
708,5.1,1.03,3,1,False,True,False,False,False,False,False,False,True,False,False
709,4.64,0.85,10,0,False,True,False,False,False,True,False,False,False,False,False
710,3.14,1.7,10,1,False,False,False,False,True,False,True,False,False,False,False
711,4.71,1.93,9,0,False,True,False,False,False,True,False,False,False,False,False
712,5.68,2.6,7,1,True,False,False,False,False,False,False,False,False,False,True
713,5.44,1.52,4,0,False,True,False,False,False,False,False,True,False,False,False
714,6.82,2.05,7,1,True,False,False,False,False,False,True,False,False,False,False
715,4.37,2.37,10,0,False,False,True,False,False,False,False,True,False,False,False
716,3.9,1.52,7,1,False,True,False,False,False,True,False,False,False,False,False
717,6.15,2.89,14,1,True,False,False,False,False,False,True,False,False,False,False
718,4.42,0.8,8,1,False,False,False,False,True,False,False,False,True,False,False
719,8.59,2.67,5,1,True,False,False,False,False,False,True,False,False,False,False
720,4.04,1.5,8,1,False,True,False,False,False,False,False,False,False,True,False
721,4.38,0.79,4,0,False,False,False,False,True,False,False,True,False,False,False
722,6.15,1.88,7,0,False,False,False,True,False,False,False,True,False,False,False
723,5.41,2.51,9,1,False,False,False,True,False,False,False,False,False,True,False
724,4.96,1.52,4,1,False,False,False,False,True,False,True,False,False,False,False
725,7.66,2.17,13,1,False,False,False,True,False,True,False,False,False,False,False
726,6.12,1.17,10,0,False,False,False,False,True,False,False,False,False,False,True
727,5.45,1.47,11,1,False,False,True,False,False,True,False,False,False,False,False
728,7.14,3.38,9,1,False,False,False,True,False,False,False,False,False,True,False
729,2.8,1.81,5,0,False,True,False,False,False,True,False,False,False,False,False
730,3.21,1.08,14,1,False,False,False,False,True,False,False,False,False,False,True
731,4.13,1.55,7,1,False,False,True,False,False,False,False,True,False,False,False
732,4.11,1.07,4,0,False,False,False,False,True,False,False,False,False,True,False
733,3.93,1.64,8,0,False,False,True,False,False,False,False,False,False,True,False
734,5.09,2.21,9,0,True,False,False,False,False,True,False,False,False,False,False
735,7.33,2.3,5,1,True,False,False,False,False,False,False,False,False,False,True
736,3.64,1.55,7,1,False,False,False,False,True,False,False,False,False,True,False
737,5.65,1.83,7,1,False,False,True,False,False,False,True,False,False,False,False
738,4.1,1.03,4,0,False,False,False,False,True,False,False,False,False,True,False
739,8.4,2.23,6,0,True,False,False,False,False,True,False,False,False,False,False
740,4.14,1.09,4,0,False,False,False,False,True,False,False,False,True,False,False
741,7.79,2.21,13,0,False,False,False,True,False,False,True,False,False,False,False
742,4.95,2.17,12,0,False,True,False,False,False,False,False,False,True,False,False
743,4.09,2.78,5,1,False,False,False,True,False,False,False,False,False,False,True
744,3.83,1.99,5,1,False,True,False,False,False,False,False,False,False,False,True
745,7.44,2.47,10,1,True,False,False,False,False,False,False,True,False,False,False
746,4.08,2.1,11,1,False,True,False,False,False,False,False,False,False,False,True
747,5.17,2.55,14,1,False,False,False,True,False,False,True,False,False,False,False
748,4.37,1.05,4,1,False,False,True,False,False,False,False,False,False,True,False
749,5.67,2.28,8,1,False,False,True,False,False,False,True,False,False,False,False
750,3.57,2.1,5,0,False,True,False,False,False,False,False,True,False,False,False
751,6.45,3.26,12,0,False,False,False,True,False,False,False,True,False,False,False
752,4.01,2.48,5,1,False,False,False,True,False,False,False,False,False,True,False
753,4.03,2.95,7,0,False,False,False,True,False,False,False,False,False,True,False
754,5.54,2.81,3,1,False,False,False,True,False,False,False,False,False,True,False
755,5.1,1.43,5,0,False,False,True,False,False,False,False,False,False,False,True
756,4.83,0.87,12,1,False,False,False,False,True,False,False,True,False,False,False
757,5.05,2.41,11,1,True,False,False,False,False,False,False,False,True,False,False
758,5.43,1.91,13,1,False,False,True,False,False,False,False,False,False,False,True
759,5.99,1.03,7,0,False,False,True,False,False,True,False,False,False,False,False
760,2.69,2.05,8,0,False,True,False,False,False,False,False,False,False,False,True
761,4.28,1.52,10,0,False,False,True,False,False,False,True,False,False,False,False
762,4.6,1.5,13,0,False,False,True,False,False,False,False,False,True,False,False
763,4.01,1.94,10,0,False,True,False,False,False,False,True,False,False,False,False
764,7.27,2.32,14,0,True,False,False,False,False,False,False,False,False,False,True
765,7.6,2.56,3,0,True,False,False,False,False,False,True,False,False,False,False
766,5.59,2.26,11,1,False,False,False,True,False,False,False,False,True,False,False
767,3.82,2.23,4,0,False,False,True,False,False,True,False,False,False,False,False
768,3.93,1.33,9,0,False,False,True,False,False,False,False,False,False,False,True
769,7.1,2.99,14,1,False,False,False,True,False,False,False,False,False,True,False
770,7.98,1.77,6,0,False,False,False,True,False,True,False,False,False,False,False
771,5.53,1.37,5,0,False,False,False,False,True,True,False,False,False,False,False
772,3.31,1.35,9,1,False,False,False,False,True,False,False,False,False,False,True
773,3.76,2.37,12,0,False,False,True,False,False,False,False,True,False,False,False
774,5.49,0.69,9,1,False,False,False,False,True,False,False,False,False,False,True
775,4.15,2.43,3,1,False,False,True,False,False,False,True,False,False,False,False
776,8.92,2.42,3,1,True,False,False,False,False,False,False,False,True,False,False
777,5.3,1.44,14,1,False,False,True,False,False,False,True,False,False,False,False
778,7.46,3.3,3,1,False,False,False,True,False,False,False,False,False,False,True
779,4.52,1.38,8,1,False,False,False,False,True,True,False,False,False,False,False
780,4.79,1.85,5,0,False,False,True,False,False,False,False,True,False,False,False
781,4.67,2.22,14,0,False,False,False,True,False,False,False,False,False,False,True
782,6.37,2.67,13,0,True,False,False,False,False,False,False,True,False,False,False
783,7.2,2.03,7,0,True,False,False,False,False,False,False,False,True,False,False
784,3.37,1.91,4,0,False,True,False,False,False,False,True,False,False,False,False
785,6.09,1.94,8,1,False,False,False,True,False,False,False,False,False,True,False
786,5.39,1.77,12,1,False,True,False,False,False,False,False,True,False,False,False
787,3.74,2.34,8,1,False,False,True,False,False,False,False,False,False,True,False
788,3.84,2.11,8,1,False,False,True,False,False,False,False,False,False,False,True
789,4.17,1.79,11,0,False,True,False,False,False,False,False,False,True,False,False
790,5.26,0.64,5,0,False,False,False,False,True,True,False,False,False,False,False
791,7.81,1.59,12,1,False,False,False,True,False,False,False,True,False,False,False
792,3.84,2.3,4,0,False,False,True,False,False,False,False,True,False,False,False
793,5.6,1.08,12,0,False,False,True,False,False,False,False,False,False,False,True
794,3.7,0.64,14,0,False,False,False,False,True,False,False,False,False,False,True
795,6.48,2.79,3,1,True,False,False,False,False,False,False,False,False,True,False
796,5.56,1.43,14,1,False,False,False,False,True,False,False,False,False,True,False
797,4.94,1.96,9,0,False,False,True,False,False,False,False,False,True,False,False
798,3.74,1.94,13,1,False,False,True,False,False,False,True,False,False,False,False
799,4.49,2.61,6,1,False,False,False,True,False,False,False,False,True,False,False
800,4.66,1.91,5,1,False,True,False,False,False,False,False,False,True,False,False
801,4.38,2.24,13,0,False,False,True,False,False,True,False,False,False,False,False
802,3.02,0.57,13,0,False,False,False,False,True,False,False,True,False,False,False
803,6.54,2.48,5,1,True,False,False,False,False,False,False,False,False,False,True
804,4.71,1.58,8,1,False,False,False,False,True,False,False,True,False,False,False
805,4.6,0.85,13,0,False,False,False,False,True,False,False,False,True,False,False
806,3.08,1.34,13,0,False,True,False,False,False,False,False,True,False,False,False
807,5.65,3.39,13,1,False,False,False,True,False,False,False,False,True,False,False
808,8.62,2.2,3,1,True,False,False,False,False,False,False,False,False,True,False
809,5.16,2.43,13,1,False,False,True,False,False,True,False,False,False,False,False
810,5.36,2.3,6,0,False,False,True,False,False,False,False,False,False,False,True
811,8.32,2.01,10,0,True,False,False,False,False,False,False,False,False,True,False
812,4.0,1.19,9,0,False,True,False,False,False,True,False,False,False,False,False
813,5.37,2.42,14,1,True,False,False,False,False,False,False,False,False,True,False
814,4.9,1.53,12,1,False,False,True,False,False,False,True,False,False,False,False
815,5.78,2.92,9,0,False,False,False,True,False,False,False,False,False,True,False
816,4.04,2.36,6,1,False,False,True,False,False,False,True,False,False,False,False
817,7.61,2.98,6,0,True,False,False,False,False,False,False,True,False,False,False
818,5.92,0.69,3,1,False,False,False,False,True,False,False,False,False,False,True
819,3.63,1.21,8,1,False,False,True,False,False,False,False,True,False,False,False
820,5.37,1.15,5,0,False,False,True,False,False,False,False,False,True,False,False
821,6.24,2.13,8,0,False,False,False,True,False,True,False,False,False,False,False
822,3.42,1.23,4,1,False,False,False,False,True,True,False,False,False,False,False
823,7.54,2.69,14,1,True,False,False,False,False,False,False,False,False,False,True
824,8.24,2.32,12,1,True,False,False,False,False,False,False,False,True,False,False
825,5.24,1.69,7,0,False,True,False,False,False,True,False,False,False,False,False
826,4.49,2.19,6,0,False,False,True,False,False,False,False,False,True,False,False
827,4.57,1.78,9,0,False,True,False,False,False,True,False,False,False,False,False
828,3.65,1.2,7,0,False,False,False,False,True,False,False,True,False,False,False
829,3.51,1.4,5,1,False,False,True,False,False,False,True,False,False,False,False
830,5.32,1.34,7,1,False,False,True,False,False,False,False,False,False,False,True
831,5.91,1.6,3,0,False,False,True,False,False,False,False,False,False,True,False
832,5.4,2.93,5,1,False,False,False,True,False,True,False,False,False,False,False
833,4.8,1.73,8,0,False,False,True,False,False,False,False,False,False,False,True
834,6.25,1.66,14,0,False,False,False,False,True,False,False,False,True,False,False
835,6.71,2.67,10,1,True,False,False,False,False,True,False,False,False,False,False
836,6.45,2.96,12,0,True,False,False,False,False,False,False,False,False,False,True
837,4.74,1.69,9,1,False,True,False,False,False,False,False,True,False,False,False
838,5.63,2.94,10,0,False,False,False,True,False,False,False,False,True,False,False
839,5.22,3.1,13,0,False,False,False,True,False,False,False,False,True,False,False
840,3.58,1.86,6,1,False,True,False,False,False,False,False,False,False,True,False
841,6.39,2.78,7,0,False,False,False,True,False,False,False,False,False,False,True
842,3.69,1.22,3,1,False,True,False,False,False,False,False,True,False,False,False
843,4.88,1.68,14,0,False,False,False,False,True,True,False,False,False,False,False
844,4.31,1.21,5,0,False,False,False,False,True,False,False,True,False,False,False
845,7.56,2.75,12,1,True,False,False,False,False,True,False,False,False,False,False
846,5.01,2.64,11,1,True,False,False,False,False,False,False,False,False,True,False
847,4.53,1.2,11,1,False,False,False,False,True,True,False,False,False,False,False
848,4.95,0.77,9,1,False,False,False,False,True,False,False,False,False,False,True
849,5.38,2.15,4,0,False,True,False,False,False,False,False,True,False,False,False
850,5.4,0.9,14,1,False,True,False,False,False,False,False,False,False,True,False
851,5.25,1.17,8,1,False,False,True,False,False,False,True,False,False,False,False
852,4.24,0.95,10,1,False,False,False,False,True,False,True,False,False,False,False
853,7.13,2.63,6,0,True,False,False,False,False,False,False,True,False,False,False
854,4.36,1.69,14,0,False,True,False,False,False,False,False,False,False,False,True
855,8.53,2.9,8,1,True,False,False,False,False,False,False,False,False,True,False
856,6.71,3.5,4,1,False,False,False,True,False,True,False,False,False,False,False
857,7.6,3.33,4,1,False,False,False,True,False,False,False,False,False,False,True
858,3.51,1.33,7,1,False,True,False,False,False,False,False,False,False,True,False
859,4.39,2.29,8,1,False,False,False,True,False,False,False,False,False,True,False
860,7.95,2.0,13,1,False,False,False,True,False,False,False,True,False,False,False
861,4.03,0.82,3,0,False,False,False,False,True,False,True,False,False,False,False
862,2.69,1.13,9,1,False,True,False,False,False,False,False,False,True,False,False
863,6.33,2.62,5,0,True,False,False,False,False,False,False,False,True,False,False
864,5.81,2.71,12,0,True,False,False,False,False,False,False,False,False,False,True
865,8.01,2.35,9,1,True,False,False,False,False,False,False,False,False,False,True
866,2.57,1.63,14,1,False,True,False,False,False,False,True,False,False,False,False
867,6.15,2.0,13,0,False,False,False,True,False,False,False,False,False,False,True
868,6.48,2.39,9,0,False,False,False,True,False,False,False,True,False,False,False
869,7.65,2.22,13,0,False,False,False,True,False,True,False,False,False,False,False
870,8.33,2.86,4,0,True,False,False,False,False,False,False,True,False,False,False
871,4.09,0.63,11,1,False,False,False,False,True,True,False,False,False,False,False
872,3.61,1.37,6,0,False,False,False,False,True,True,False,False,False,False,False
873,5.25,1.83,13,0,False,True,False,False,False,False,False,False,True,False,False
874,3.86,1.05,12,1,False,False,False,False,True,False,False,False,False,False,True
875,5.78,1.88,7,1,False,False,True,False,False,False,False,False,True,False,False
876,8.89,2.46,8,0,True,False,False,False,False,False,False,True,False,False,False
877,4.07,0.6,7,1,False,False,False,False,True,False,False,False,True,False,False
878,6.09,2.24,8,1,True,False,False,False,False,False,False,False,True,False,False
879,5.1,2.11,12,0,True,False,False,False,False,False,False,False,False,False,True
880,3.5,1.02,14,1,False,False,False,False,True,False,True,False,False,False,False
881,5.35,1.82,8,1,False,False,True,False,False,False,False,True,False,False,False
882,5.11,2.84,7,1,True,False,False,False,False,True,False,False,False,False,False
883,6.71,3.23,6,0,False,False,False,True,False,False,False,True,False,False,False
884,4.61,1.94,7,1,False,False,False,True,False,True,False,False,False,False,False
885,4.55,1.68,3,0,False,False,False,False,True,False,True,False,False,False,False
886,6.69,2.69,12,1,True,False,False,False,False,False,False,True,False,False,False
887,5.92,1.6,4,1,False,False,True,False,False,False,False,False,False,False,True
888,5.03,1.65,11,0,False,False,True,False,False,False,False,False,True,False,False
889,5.24,1.64,3,0,False,False,True,False,False,False,True,False,False,False,False
890,5.82,1.28,4,1,False,False,True,False,False,False,False,True,False,False,False
891,6.57,2.21,4,1,True,False,False,False,False,False,False,False,False,False,True
892,4.31,3.16,7,0,False,False,False,True,False,False,False,False,False,True,False
893,5.16,2.0,7,0,False,False,False,True,False,False,True,False,False,False,False
894,5.37,1.9,10,1,False,True,False,False,False,False,True,False,False,False,False
895,6.86,1.69,12,0,False,False,False,True,False,False,False,False,False,True,False
896,4.58,1.14,6,1,False,True,False,False,False,False,False,False,False,False,True
897,5.67,1.96,13,1,False,False,True,False,False,False,False,False,False,True,False
898,4.44,2.42,14,0,False,False,False,True,False,False,True,False,False,False,False
899,5.32,2.51,6,1,False,False,False,True,False,False,False,False,False,False,True
900,5.37,2.62,8,0,True,False,False,False,False,False,False,False,False,True,False
901,8.42,2.02,12,1,True,False,False,False,False,False,False,True,False,False,False
902,4.24,1.28,10,1,False,True,False,False,False,False,False,True,False,False,False
903,7.63,2.75,6,1,True,False,False,False,False,False,False,False,False,True,False
904,7.99,2.04,8,1,False,False,False,True,False,False,False,False,False,False,True
905,4.27,2.04,5,1,False,False,True,False,False,False,False,False,False,False,True
906,5.08,2.03,3,1,False,False,True,False,False,False,True,False,False,False,False
907,5.46,1.32,8,0,False,False,True,False,False,False,False,False,False,False,True
908,4.44,1.39,10,0,False,False,True,False,False,False,False,False,False,False,True
909,5.77,1.86,5,0,False,False,False,True,False,False,False,False,False,True,False
910,5.63,2.19,8,0,True,False,False,False,False,False,False,True,False,False,False
911,3.52,1.33,14,0,False,False,False,False,True,False,True,False,False,False,False
912,5.92,2.25,3,0,False,False,True,False,False,False,False,False,True,False,False
913,4.09,1.98,13,1,False,False,False,True,False,False,False,False,False,False,True
914,5.53,2.71,11,1,False,False,False,True,False,False,False,False,False,True,False
915,6.23,2.43,4,0,True,False,False,False,False,False,False,False,False,False,True
916,3.91,1.09,4,1,False,False,True,False,False,False,True,False,False,False,False
917,4.54,1.01,10,1,False,False,True,False,False,True,False,False,False,False,False
918,7.38,2.8,7,1,True,False,False,False,False,False,False,True,False,False,False
919,5.68,0.9,5,0,False,False,False,False,True,True,False,False,False,False,False
920,2.55,1.36,9,0,False,True,False,False,False,False,False,False,False,False,True
921,5.84,1.77,13,1,False,False,False,False,True,False,False,True,False,False,False
922,4.9,2.06,10,1,False,False,True,False,False,False,False,False,True,False,False
923,6.33,2.17,6,0,True,False,False,False,False,False,True,False,False,False,False
924,5.76,2.45,7,0,False,False,True,False,False,True,False,False,False,False,False
925,7.04,2.15,13,0,False,False,False,True,False,False,False,False,True,False,False
926,5.2,2.5,3,1,True,False,False,False,False,False,True,False,False,False,False
927,6.01,2.41,12,0,True,False,False,False,False,False,False,True,False,False,False
928,3.19,0.94,4,0,False,False,False,False,True,False,True,False,False,False,False
929,2.88,1.98,3,0,False,True,False,False,False,False,False,False,True,False,False
930,3.8,2.03,7,1,False,False,True,False,False,False,False,False,False,True,False
931,5.07,2.17,7,1,False,True,False,False,False,False,False,False,True,False,False
932,5.66,2.14,8,1,False,False,False,True,False,False,False,False,False,True,False
933,7.66,2.35,14,1,False,False,False,True,False,False,False,False,True,False,False
934,5.79,2.46,3,0,False,False,True,False,False,False,False,False,True,False,False
935,3.64,1.69,9,0,False,True,False,False,False,False,False,False,False,False,True
936,4.26,1.37,3,1,False,False,True,False,False,True,False,False,False,False,False
937,4.15,1.67,4,0,False,False,True,False,False,False,True,False,False,False,False
938,6.92,2.16,14,1,False,False,False,True,False,False,False,True,False,False,False
939,5.34,2.05,9,1,True,False,False,False,False,False,False,False,False,False,True
940,4.97,2.33,4,1,False,False,True,False,False,True,False,False,False,False,False
941,7.93,2.5,8,1,True,False,False,False,False,False,False,False,True,False,False
942,3.14,0.92,3,1,False,True,False,False,False,False,False,False,False,True,False
943,5.53,1.6,5,0,False,False,False,True,False,False,False,False,False,False,True
944,3.71,1.02,4,0,False,False,False,False,True,False,False,False,False,True,False
945,5.97,2.76,13,0,True,False,False,False,False,False,False,False,False,True,False
946,6.02,2.75,4,0,True,False,False,False,False,False,False,True,False,False,False
947,5.79,2.19,7,0,False,False,True,False,False,False,True,False,False,False,False
948,4.88,2.34,11,0,False,False,True,False,False,False,True,False,False,False,False
949,3.91,1.23,5,0,False,False,False,False,True,False,False,True,False,False,False
950,8.82,2.04,8,0,True,False,False,False,False,False,True,False,False,False,False
951,5.21,1.76,4,1,False,False,False,False,True,False,False,False,True,False,False
952,5.24,1.78,10,1,False,False,False,True,False,False,False,False,False,False,True
953,4.44,2.4,5,0,False,False,True,False,False,False,False,False,True,False,False
954,5.21,1.88,14,1,False,True,False,False,False,False,False,False,False,True,False
955,4.15,1.82,8,0,False,True,False,False,False,False,False,False,True,False,False
956,5.77,1.27,14,0,False,False,True,False,False,False,True,False,False,False,False
957,6.33,3.04,3,1,False,False,False,True,False,False,False,False,False,True,False
958,6.06,1.3,3,0,False,False,False,False,True,False,False,False,True,False,False
959,5.17,2.17,10,0,False,True,False,False,False,False,False,False,False,False,True
960,7.58,2.79,6,0,True,False,False,False,False,False,False,False,False,True,False
961,5.29,1.09,11,0,False,False,True,False,False,False,True,False,False,False,False
962,5.45,1.01,12,0,False,False,True,False,False,False,False,False,False,True,False
963,2.61,0.85,14,0,False,True,False,False,False,False,False,False,True,False,False
964,7.12,3.08,6,1,False,False,False,True,False,False,True,False,False,False,False
965,6.67,2.58,3,0,True,False,False,False,False,False,False,False,True,False,False
966,5.28,2.01,12,0,False,True,False,False,False,False,False,False,False,False,True
967,4.3,1.37,10,1,False,False,False,False,True,False,False,True,False,False,False
968,4.75,1.61,4,1,False,False,False,False,True,False,True,False,False,False,False
969,3.49,1.53,8,1,False,True,False,False,False,False,True,False,False,False,False
970,7.28,2.19,13,0,False,False,False,True,False,False,False,False,False,True,False
971,7.79,2.38,5,0,False,False,False,True,False,False,False,False,False,True,False
972,6.36,0.95,9,1,False,False,False,False,True,False,True,False,False,False,False
973,4.81,2.22,8,1,False,False,True,False,False,False,False,False,False,True,False
974,2.72,1.58,6,1,False,True,False,False,False,False,True,False,False,False,False
975,6.38,1.76,11,0,False,False,False,False,True,False,False,False,False,False,True
976,6.99,3.24,12,0,False,False,False,True,False,False,False,False,True,False,False
977,6.24,2.81,9,0,False,False,False,True,False,False,False,False,True,False,False
978,8.69,2.91,4,0,True,False,False,False,False,False,False,True,False,False,False
979,7.72,2.9,11,0,False,False,False,True,False,False,False,False,True,False,False
980,6.05,1.52,9,1,False,False,False,True,False,True,False,False,False,False,False
981,4.85,1.32,11,0,False,False,False,False,True,True,False,False,False,False,False
982,5.58,2.12,10,0,False,False,False,True,False,True,False,False,False,False,False
983,7.01,2.88,4,0,False,False,False,True,False,False,False,False,True,False,False
984,7.95,2.24,12,1,False,False,False,True,False,False,False,False,True,False,False
985,7.53,1.76,13,1,False,False,False,True,False,False,True,False,False,False,False
986,6.29,1.97,13,1,False,False,False,True,False,False,False,True,False,False,False
987,4.18,1.5,13,0,False,False,True,False,False,False,False,False,False,True,False
988,4.31,1.06,6,1,False,False,False,False,True,False,True,False,False,False,False
989,3.1,1.63,11,0,False,False,False,False,True,False,False,False,False,True,False
990,6.28,0.63,5,0,False,False,False,False,True,False,False,False,True,False,False
991,7.61,2.47,6,1,True,False,False,False,False,True,False,False,False,False,False
992,5.79,1.63,8,1,False,False,False,True,False,False,False,False,False,False,True
993,4.84,1.84,10,0,False,False,True,False,False,False,False,False,True,False,False
994,2.86,2.19,9,1,False,True,False,False,False,False,False,False,False,False,True
995,4.32,2.19,6,1,False,False,True,False,False,False,False,False,True,False,False
996,5.15,2.78,7,1,False,False,False,True,False,False,False,False,False,True,False
997,5.23,1.77,14,1,False,True,False,False,False,False,True,False,False,False,False
998,5.41,2.12,13,0,False,False,True,False,False,False,False,True,False,False,False
999,4.95,1.91,10,0,False,True,False,False,False,False,False,False,True,False,False
1000,7.61,2.4,12,0,True,False,False,False,False,False,True,False,False,False,False
