id,petal_length_cm,petal_width_cm,freshness_days,is_fragrant,species_Lily,species_Orchid,species_Rose,species_Sunflower,species_Tulip,color_Orange,color_Pink,color_Purple,color_Red,color_White,color_Yellow,kmeans_cluster,dbscan_cluster
1,6.39,2.79,9,1,False,False,False,True,False,False,False,False,True,False,False,2.0,-1.0
2,4.57,1.09,12,1,False,False,True,False,False,False,True,False,False,False,False,0.0,-1.0
3,5.69,2.53,14,1,False,False,False,True,False,False,True,False,False,False,False,1.0,-1.0
4,5.32,2.69,8,0,True,False,False,False,False,False,False,False,False,False,True,2.0,-1.0
5,7.23,2.69,10,0,False,False,False,True,False,False,False,False,False,False,True,2.0,-1.0
6,4.5,1.93,9,1,False,False,True,False,False,True,False,False,False,False,False,0.0,0.0
7,3.95,2.27,3,0,False,False,True,False,False,False,True,False,False,False,False,2.0,-1.0
8,7.17,3.18,10,1,False,False,False,True,False,False,True,False,False,False,False,2.0,-1.0
9,4.68,1.87,10,0,False,True,False,False,False,True,False,False,False,False,False,0.0,-1.0
10,5.02,2.25,7,0,False,False,True,False,False,False,True,False,False,False,False,2.0,-1.0
11,5.45,1.95,5,0,False,True,False,False,False,False,False,False,False,True,False,2.0,-1.0
12,7.04,2.08,3,0,False,False,False,True,False,False,False,True,False,False,False,2.0,-1.0
13,4.62,1.33,11,1,False,False,False,False,True,True,False,False,False,False,False,0.0,-1.0
14,4.65,1.64,7,1,False,True,False,False,False,False,False,False,True,False,False,0.0,-1.0
15,4.61,1.79,11,1,False,False,False,True,False,False,True,False,False,False,False,0.0,0.0
16,5.01,1.32,11,1,False,False,True,False,False,False,False,False,False,False,True,0.0,-1.0
17,7.06,2.71,5,1,False,False,False,True,False,True,False,False,False,False,False,2.0,-1.0
18,5.42,1.77,14,1,False,False,False,True,False,False,False,False,False,False,True,1.0,-1.0
19,5.95,2.38,8,0,False,False,True,False,False,False,False,False,False,True,False,2.0,-1.0
20,8.03,2.61,8,0,True,False,False,False,False,False,False,True,False,False,False,2.0,-1.0
21,5.41,0.54,12,0,False,False,False,False,True,False,False,True,False,False,False,0.0,-1.0
22,4.46,2.04,10,1,False,False,True,False,False,False,False,False,True,False,False,0.0,0.0
23,5.4,1.97,3,0,False,True,False,False,False,False,False,False,False,True,False,2.0,-1.0
24,4.34,3.32,7,0,False,False,False,True,False,True,False,False,False,False,False,2.0,-1.0
25,6.12,2.75,9,0,True,False,False,False,False,False,False,False,False,False,True,2.0,-1.0
26,4.14,1.47,7,0,False,False,False,False,True,True,False,False,False,False,False,0.0,-1.0
27,4.66,2.33,9,0,False,False,True,False,False,False,False,False,False,False,True,1.0,-1.0
28,4.99,0.86,9,0,False,True,False,False,False,False,False,False,False,True,False,0.0,-1.0
29,2.61,1.01,12,1,False,True,False,False,False,False,True,False,False,False,False,0.0,-1.0
30,6.29,2.62,12,0,True,False,False,False,False,False,False,False,False,True,False,1.0,-1.0
31,4.67,2.3,3,0,False,False,True,False,False,False,False,True,False,False,False,2.0,-1.0
32,8.94,2.74,9,0,True,False,False,False,False,False,False,False,True,False,False,2.0,-1.0
33,3.78,1.3,5,1,False,False,False,False,True,False,False,False,True,False,False,0.0,-1.0
34,7.53,2.42,12,0,True,False,False,False,False,False,False,False,False,False,True,1.0,-1.0
35,5.61,2.35,14,1,True,False,False,False,False,False,False,True,False,False,False,1.0,-1.0
36,2.61,2.0,14,1,False,True,False,False,False,False,True,False,False,False,False,0.0,-1.0
37,5.48,1.56,14,1,False,True,False,False,False,False,True,False,False,False,False,1.0,-1.0
38,4.13,2.37,14,0,False,False,True,False,False,False,False,False,False,True,False,1.0,-1.0
39,5.89,3.39,4,1,False,False,False,True,False,False,False,False,False,False,True,2.0,-1.0
40,3.66,1.75,3,0,False,False,False,False,True,False,False,False,False,True,False,0.0,-1.0
41,3.54,1.01,4,0,False,False,False,False,True,False,False,False,False,True,False,0.0,-1.0
42,6.89,2.74,8,0,True,False,False,False,False,False,False,False,False,False,True,2.0,-1.0
43,5.69,2.12,4,0,True,False,False,False,False,False,False,False,False,False,True,2.0,-1.0
44,4.47,1.37,8,1,False,False,True,False,False,True,False,False,False,False,False,0.0,-1.0
45,3.47,0.76,4,1,False,False,False,False,True,False,False,True,False,False,False,0.0,-1.0
46,5.4,1.28,11,0,False,True,False,False,False,False,False,True,False,False,False,0.0,-1.0
47,8.84,2.29,3,0,True,False,False,False,False,False,False,False,True,False,False,2.0,-1.0
48,8.94,2.93,10,1,True,False,False,False,False,True,False,False,False,False,False,2.0,-1.0
49,4.57,2.49,8,0,False,False,True,False,False,False,False,True,False,False,False,2.0,-1.0
50,7.9,2.27,7,0,True,False,False,False,False,False,False,True,False,False,False,2.0,-1.0
51,5.31,2.68,13,0,True,False,False,False,False,False,False,True,False,False,False,1.0,-1.0
52,4.05,1.92,10,1,False,False,True,False,False,False,True,False,False,False,False,0.0,0.0
53,2.8,1.6,7,0,False,True,False,False,False,False,False,False,False,True,False,0.0,-1.0
54,4.63,2.17,14,1,False,False,True,False,False,False,False,False,False,False,True,1.0,-1.0
55,6.48,1.11,4,1,False,False,False,False,True,True,False,False,False,False,False,0.0,-1.0
56,4.06,1.04,6,0,False,False,True,False,False,True,False,False,False,False,False,0.0,-1.0
57,5.11,3.18,9,0,False,False,False,True,False,False,False,False,False,True,False,2.0,-1.0
58,4.97,1.43,3,1,False,False,True,False,False,False,True,False,False,False,False,0.0,-1.0
59,5.84,2.36,3,1,False,False,True,False,False,False,True,False,False,False,False,2.0,-1.0
60,8.52,2.74,14,0,True,False,False,False,False,True,False,False,False,False,False,1.0,-1.0
61,5.87,3.44,6,1,False,False,False,True,False,False,True,False,False,False,False,2.0,-1.0
62,4.54,1.71,14,0,False,False,False,True,False,False,False,False,False,False,True,1.0,-1.0
63,5.84,2.14,11,0,False,False,False,True,False,True,False,False,False,False,False,1.0,-1.0
64,4.04,1.78,14,0,False,False,True,False,False,False,False,False,False,False,True,1.0,-1.0
65,5.44,2.56,8,0,True,False,False,False,False,False,False,True,False,False,False,2.0,-1.0
66,7.65,1.76,4,1,False,False,False,True,False,False,False,False,False,False,True,2.0,-1.0
67,7.3,2.35,11,1,False,False,False,True,False,False,True,False,False,False,False,1.0,-1.0
68,4.97,1.82,14,1,False,False,False,True,False,False,False,False,True,False,False,1.0,-1.0
69,4.3,3.24,13,0,False,False,False,True,False,False,False,False,False,False,True,1.0,-1.0
70,3.38,1.49,11,0,False,False,False,False,True,False,False,False,False,False,True,0.0,-1.0
71,8.75,2.24,14,1,True,False,False,False,False,False,True,False,False,False,False,1.0,-1.0
72,7.02,1.74,4,1,False,False,False,True,False,True,False,False,False,False,False,2.0,-1.0
73,7.83,2.16,14,0,True,False,False,False,False,False,False,False,False,False,True,1.0,-1.0
74,6.24,3.48,13,0,False,False,False,True,False,False,False,True,False,False,False,1.0,-1.0
75,6.94,2.65,5,1,False,False,False,True,False,True,False,False,False,False,False,2.0,-1.0
76,4.43,2.12,11,0,False,False,True,False,False,False,False,False,True,False,False,1.0,-1.0
77,4.1,1.34,12,1,False,False,False,False,True,False,False,True,False,False,False,0.0,-1.0
78,5.61,0.69,7,1,False,False,False,False,True,False,False,False,True,False,False,0.0,-1.0
79,6.87,2.95,10,0,True,False,False,False,False,False,False,False,True,False,False,2.0,-1.0
80,5.67,2.13,7,0,True,False,False,False,False,True,False,False,False,False,False,2.0,-1.0
81,3.63,2.02,9,0,False,True,False,False,False,True,False,False,False,False,False,0.0,-1.0
82,4.26,1.55,6,1,False,False,False,False,True,True,False,False,False,False,False,0.0,-1.0
83,6.41,1.81,13,1,False,False,False,True,False,False,False,False,False,False,True,1.0,-1.0
84,5.36,1.64,14,1,False,True,False,False,False,False,True,False,False,False,False,1.0,-1.0
85,3.63,2.42,11,1,False,False,True,False,False,False,False,False,True,False,False,0.0,-1.0
86,6.9,2.69,9,1,True,False,False,False,False,False,False,True,False,False,False,2.0,-1.0
87,6.4,2.46,7,0,False,False,False,True,False,False,False,True,False,False,False,2.0,-1.0
88,4.73,1.51,11,0,False,False,False,False,True,False,False,False,False,False,True,0.0,-1.0
89,3.01,1.7,4,1,False,False,False,False,True,False,False,True,False,False,False,0.0,-1.0
90,5.05,2.02,10,0,True,False,False,False,False,False,True,False,False,False,False,1.0,-1.0
91,5.25,1.85,11,0,False,False,True,False,False,False,True,False,False,False,False,1.0,-1.0
92,4.38,0.86,13,1,False,False,False,False,True,False,False,True,False,False,False,0.0,-1.0
93,4.16,2.28,12,1,False,False,True,False,False,False,False,False,False,False,True,1.0,-1.0
94,8.74,2.64,3,1,True,False,False,False,False,False,False,True,False,False,False,2.0,-1.0
95,2.51,1.91,7,0,False,True,False,False,False,True,False,False,False,False,False,0.0,-1.0
96,4.06,1.21,9,0,False,True,False,False,False,False,False,False,False,False,True,0.0,1.0
97,4.55,2.31,10,1,False,False,True,False,False,False,False,False,False,False,True,1.0,0.0
98,6.0,2.19,4,1,True,False,False,False,False,False,False,False,False,False,True,2.0,-1.0
99,6.35,3.07,9,0,False,False,False,True,False,False,False,False,False,True,False,2.0,-1.0
100,4.45,1.2,12,0,False,False,False,False,True,True,False,False,False,False,False,0.0,-1.0
101,3.93,1.03,3,1,False,True,False,False,False,False,True,False,False,False,False,0.0,-1.0
102,4.67,1.12,14,1,False,False,True,False,False,False,False,False,True,False,False,0.0,-1.0
103,4.09,1.44,6,1,False,False,True,False,False,False,False,False,True,False,False,0.0,-1.0
104,5.38,1.23,11,0,False,False,False,False,True,False,False,True,False,False,False,0.0,-1.0
105,3.15,1.52,5,0,False,False,False,False,True,False,False,False,False,True,False,0.0,-1.0
106,4.37,1.79,9,1,False,True,False,False,False,True,False,False,False,False,False,0.0,-1.0
107,5.0,2.08,13,1,True,False,False,False,False,False,False,False,False,False,True,1.0,-1.0
108,8.36,2.68,7,1,True,False,False,False,False,False,False,False,False,True,False,2.0,-1.0
109,5.46,1.26,6,1,False,True,False,False,False,False,False,True,False,False,False,0.0,-1.0
110,5.65,2.49,9,1,False,False,True,False,False,False,False,True,False,False,False,2.0,-1.0
111,5.49,1.93,3,1,False,False,True,False,False,True,False,False,False,False,False,2.0,-1.0
112,7.49,2.56,10,0,True,False,False,False,False,False,False,True,False,False,False,2.0,-1.0
113,5.84,2.09,6,0,False,False,True,False,False,False,False,False,False,True,False,2.0,-1.0
114,4.45,2.07,11,0,False,False,False,True,False,False,False,True,False,False,False,1.0,-1.0
115,5.35,1.33,8,0,False,True,False,False,False,False,False,False,False,True,False,0.0,-1.0
116,5.65,1.56,5,0,False,False,True,False,False,False,True,False,False,False,False,0.0,-1.0
117,4.18,2.05,6,0,False,False,True,False,False,False,False,False,False,True,False,0.0,-1.0
118,4.65,1.48,12,1,False,False,True,False,False,False,False,False,False,True,False,0.0,-1.0
119,4.07,2.18,3,1,False,False,True,False,False,False,False,False,False,False,True,0.0,-1.0
120,6.54,1.74,10,1,False,False,False,True,False,True,False,False,False,False,False,1.0,-1.0
121,5.29,1.19,11,0,False,True,False,False,False,True,False,False,False,False,False,0.0,-1.0
122,6.46,2.98,13,1,False,False,False,True,False,False,True,False,False,False,False,1.0,-1.0
123,4.78,1.99,8,1,False,False,False,True,False,False,True,False,False,False,False,0.0,-1.0
124,4.44,2.03,13,1,False,True,False,False,False,True,False,False,False,False,False,1.0,-1.0
125,8.53,2.64,5,1,True,False,False,False,False,True,False,False,False,False,False,2.0,-1.0
126,5.02,0.96,6,0,False,True,False,False,False,True,False,False,False,False,False,0.0,-1.0
127,4.97,1.61,5,1,False,True,False,False,False,False,False,False,False,False,True,0.0,-1.0
128,3.65,1.36,7,0,False,False,True,False,False,False,False,True,False,False,False,0.0,-1.0
129,3.47,1.09,9,0,False,False,False,False,True,True,False,False,False,False,False,0.0,1.0
130,6.5,2.42,9,1,False,False,False,True,False,False,False,False,True,False,False,2.0,-1.0
131,4.58,1.04,6,0,False,False,False,False,True,False,True,False,False,False,False,0.0,-1.0
132,6.81,2.1,4,1,True,False,False,False,False,False,True,False,False,False,False,2.0,-1.0
133,4.15,2.29,9,1,False,False,True,False,False,False,False,False,False,True,False,0.0,-1.0
134,6.13,2.78,7,0,False,False,False,True,False,False,False,False,False,True,False,2.0,-1.0
135,4.82,0.66,14,1,False,False,False,False,True,False,False,False,False,True,False,0.0,-1.0
136,5.35,1.42,10,1,False,True,False,False,False,False,True,False,False,False,False,0.0,-1.0
137,5.6,1.92,4,0,False,False,True,False,False,False,False,True,False,False,False,2.0,-1.0
138,6.88,2.36,10,0,True,False,False,False,False,True,False,False,False,False,False,1.0,-1.0
139,3.43,1.0,9,0,False,True,False,False,False,True,False,False,False,False,False,0.0,1.0
140,7.29,2.77,11,1,True,False,False,False,False,False,True,False,False,False,False,1.0,-1.0
141,2.99,1.03,7,1,False,True,False,False,False,False,False,False,True,False,False,0.0,-1.0
142,6.07,1.35,7,0,False,False,False,False,True,False,False,False,False,False,True,0.0,-1.0
143,5.17,1.2,11,1,False,False,False,False,True,False,False,False,False,False,True,0.0,-1.0
144,2.87,1.03,7,1,False,True,False,False,False,False,False,False,False,True,False,0.0,-1.0
145,4.57,1.07,3,1,False,False,True,False,False,False,False,False,True,False,False,0.0,-1.0
146,4.55,2.0,13,0,False,True,False,False,False,False,False,False,False,True,False,1.0,-1.0
147,4.64,1.89,4,0,False,False,True,False,False,False,True,False,False,False,False,0.0,-1.0
148,7.43,2.76,4,0,False,False,False,True,False,False,True,False,False,False,False,2.0,-1.0
149,6.3,0.79,4,0,False,False,False,False,True,True,False,False,False,False,False,0.0,-1.0
150,3.77,1.19,9,0,False,False,True,False,False,False,True,False,False,False,False,0.0,1.0
151,7.0,3.38,5,0,False,False,False,True,False,False,False,False,False,True,False,2.0,-1.0
152,7.23,2.09,3,0,True,False,False,False,False,False,False,True,False,False,False,2.0,-1.0
153,4.68,1.7,10,1,False,True,False,False,False,False,False,True,False,False,False,0.0,-1.0
154,6.72,2.15,11,0,False,False,False,True,False,True,False,False,False,False,False,1.0,-1.0
155,4.74,1.15,10,0,False,False,False,False,True,False,False,False,False,True,False,0.0,1.0
156,4.23,1.05,9,0,False,False,False,False,True,False,False,False,False,False,True,0.0,1.0
157,6.59,2.34,9,0,False,False,False,True,False,True,False,False,False,False,False,2.0,-1.0
158,4.62,1.47,3,1,False,True,False,False,False,False,False,True,False,False,False,0.0,-1.0
159,3.04,1.03,11,0,False,False,False,False,True,False,True,False,False,False,False,0.0,1.0
160,5.85,2.34,14,1,False,False,False,True,False,False,False,False,False,False,True,1.0,-1.0
161,5.4,2.08,9,0,True,False,False,False,False,True,False,False,False,False,False,1.0,-1.0
162,7.48,2.49,11,0,True,False,False,False,False,False,False,True,False,False,False,1.0,-1.0
163,4.11,1.83,6,0,False,True,False,False,False,False,False,False,False,True,False,0.0,-1.0
164,4.45,1.38,13,0,False,False,False,False,True,False,False,False,False,True,False,0.0,-1.0
165,3.81,1.09,14,0,False,True,False,False,False,False,True,False,False,False,False,0.0,-1.0
166,7.23,2.55,13,0,True,False,False,False,False,False,False,False,True,False,False,1.0,3.0
167,8.12,2.7,14,0,True,False,False,False,False,False,False,False,True,False,False,1.0,3.0
168,7.62,3.04,3,1,False,False,False,True,False,True,False,False,False,False,False,2.0,-1.0
169,4.36,2.76,4,0,False,False,False,True,False,False,False,False,False,True,False,2.0,-1.0
170,8.49,2.61,6,0,True,False,False,False,False,False,True,False,False,False,False,2.0,-1.0
171,3.83,2.17,5,0,False,False,True,False,False,True,False,False,False,False,False,0.0,-1.0
172,4.17,0.56,5,0,False,False,False,False,True,False,False,False,False,False,True,0.0,-1.0
173,4.68,3.26,8,1,False,False,False,True,False,True,False,False,False,False,False,2.0,-1.0
174,7.19,2.81,6,0,True,False,False,False,False,False,False,False,False,True,False,2.0,-1.0
175,5.53,0.81,8,1,False,False,False,False,True,False,True,False,False,False,False,0.0,-1.0
176,5.83,2.57,11,1,False,False,False,True,False,False,True,False,False,False,False,1.0,-1.0
177,4.67,2.04,6,1,False,True,False,False,False,True,False,False,False,False,False,0.0,-1.0
178,6.83,2.96,6,1,True,False,False,False,False,False,False,False,True,False,False,2.0,-1.0
179,5.45,1.86,11,0,False,True,False,False,False,False,False,True,False,False,False,1.0,2.0
180,7.5,2.89,10,1,True,False,False,False,False,False,False,True,False,False,False,2.0,4.0
181,4.18,1.02,10,1,False,False,True,False,False,False,True,False,False,False,False,0.0,-1.0
182,4.4,1.95,3,1,False,False,False,True,False,False,False,True,False,False,False,0.0,-1.0
183,3.67,0.54,3,0,False,False,False,False,True,False,True,False,False,False,False,0.0,-1.0
184,4.71,1.16,4,1,False,False,False,False,True,False,False,False,False,False,True,0.0,-1.0
185,6.52,1.62,12,0,False,False,False,True,False,False,False,False,True,False,False,1.0,-1.0
186,5.36,2.97,4,1,False,False,False,True,False,False,False,False,False,False,True,2.0,-1.0
187,3.36,1.15,10,0,False,False,False,False,True,False,False,False,False,True,False,0.0,1.0
188,4.93,1.22,5,1,False,True,False,False,False,False,False,True,False,False,False,0.0,-1.0
189,4.23,1.46,10,0,False,False,True,False,False,False,False,False,False,True,False,0.0,-1.0
190,5.37,1.11,14,1,False,True,False,False,False,False,False,False,False,True,False,0.0,-1.0
191,4.18,1.58,9,0,False,False,True,False,False,False,False,False,False,False,True,0.0,-1.0
192,5.36,1.95,6,1,False,True,False,False,False,False,True,False,False,False,False,2.0,-1.0
193,5.79,2.81,9,1,True,False,False,False,False,False,False,False,False,True,False,2.0,-1.0
194,2.89,1.21,11,0,False,True,False,False,False,False,False,False,False,True,False,0.0,1.0
195,4.86,0.9,4,0,False,True,False,False,False,False,True,False,False,False,False,0.0,-1.0
196,5.89,0.62,4,0,False,False,False,False,True,False,False,False,False,False,True,0.0,-1.0
197,3.09,0.55,7,1,False,False,False,False,True,False,True,False,False,False,False,0.0,-1.0
198,7.29,2.9,9,1,True,False,False,False,False,False,True,False,False,False,False,2.0,4.0
199,6.3,0.88,11,0,False,False,False,False,True,False,False,True,False,False,False,0.0,-1.0
200,5.89,2.01,5,0,False,False,True,False,False,False,False,False,False,True,False,2.0,-1.0
201,7.01,2.2,9,0,True,False,False,False,False,False,False,False,False,True,False,2.0,-1.0
202,5.78,2.1,14,0,False,False,True,False,False,False,False,False,True,False,False,1.0,-1.0
203,7.07,2.62,11,0,True,False,False,False,False,False,False,True,False,False,False,1.0,-1.0
204,4.53,3.15,6,1,False,False,False,True,False,True,False,False,False,False,False,2.0,-1.0
205,5.46,1.4,4,1,False,False,False,False,True,False,True,False,False,False,False,0.0,-1.0
206,6.03,1.44,9,1,False,False,False,False,True,False,False,True,False,False,False,0.0,-1.0
207,2.91,1.81,3,1,False,True,False,False,False,False,True,False,False,False,False,0.0,-1.0
208,3.31,0.68,14,1,False,False,False,False,True,False,False,True,False,False,False,0.0,-1.0
209,4.81,1.53,6,0,False,False,False,True,False,False,False,False,True,False,False,0.0,-1.0
210,2.62,1.89,8,0,False,True,False,False,False,False,False,False,True,False,False,0.0,-1.0
211,4.19,1.26,8,1,False,False,True,False,False,False,False,False,False,True,False,0.0,-1.0
212,4.43,2.23,10,0,False,False,False,True,False,False,False,False,True,False,False,1.0,2.0
213,4.42,3.36,6,0,False,False,False,True,False,False,False,True,False,False,False,2.0,-1.0
214,4.68,2.0,9,1,False,True,False,False,False,False,True,False,False,False,False,0.0,-1.0
215,7.0,2.7,3,0,True,False,False,False,False,True,False,False,False,False,False,2.0,-1.0
216,5.65,1.17,4,1,False,False,False,False,True,False,False,False,False,True,False,0.0,-1.0
217,4.69,2.35,13,0,False,False,True,False,False,False,False,False,False,False,True,1.0,-1.0
218,5.66,2.14,6,0,True,False,False,False,False,True,False,False,False,False,False,2.0,-1.0
219,3.99,1.59,11,0,False,False,True,False,False,False,False,False,False,True,False,0.0,-1.0
220,3.8,1.09,11,1,False,True,False,False,False,False,False,False,True,False,False,0.0,5.0
221,4.27,1.05,6,1,False,False,False,False,True,True,False,False,False,False,False,0.0,-1.0
222,4.91,1.87,11,0,False,True,False,False,False,False,False,False,True,False,False,1.0,2.0
223,7.45,2.32,4,1,False,False,False,True,False,False,False,False,True,False,False,2.0,-1.0
224,7.73,2.65,13,0,True,False,False,False,False,False,True,False,False,False,False,1.0,3.0
225,4.31,1.0,11,1,False,True,False,False,False,False,False,False,False,True,False,0.0,5.0
226,3.99,1.27,5,1,False,False,False,False,True,False,False,False,False,True,False,0.0,-1.0
227,3.88,1.7,10,1,False,False,True,False,False,True,False,False,False,False,False,0.0,-1.0
228,6.12,0.6,5,1,False,False,False,False,True,False,False,False,False,False,True,0.0,-1.0
229,6.48,2.67,10,1,True,False,False,False,False,False,True,False,False,False,False,1.0,-1.0
230,4.54,2.43,14,1,False,False,True,False,False,False,False,True,False,False,False,1.0,-1.0
231,3.75,1.68,10,1,False,True,False,False,False,False,False,False,True,False,False,0.0,-1.0
232,5.27,2.0,13,1,False,False,True,False,False,False,True,False,False,False,False,1.0,-1.0
233,6.82,2.12,11,1,True,False,False,False,False,False,False,True,False,False,False,1.0,-1.0
234,4.58,1.85,11,0,False,False,True,False,False,False,False,True,False,False,False,0.0,2.0
235,6.31,0.94,10,1,False,False,False,False,True,True,False,False,False,False,False,0.0,-1.0
236,7.87,3.19,14,0,False,False,False,True,False,False,False,False,False,True,False,1.0,-1.0
237,4.69,1.57,13,1,False,True,False,False,False,False,True,False,False,False,False,0.0,-1.0
238,6.82,3.35,5,0,False,False,False,True,False,False,False,False,False,True,False,2.0,-1.0
239,3.32,0.88,3,1,False,False,False,False,True,False,False,True,False,False,False,0.0,-1.0
240,4.96,1.82,3,0,False,False,True,False,False,False,False,False,True,False,False,2.0,-1.0
241,6.54,2.11,6,1,False,False,False,True,False,False,False,True,False,False,False,2.0,-1.0
242,4.79,2.0,10,0,False,False,True,False,False,False,False,False,False,True,False,1.0,2.0
243,4.53,1.08,9,1,False,False,False,False,True,False,False,False,False,False,True,0.0,-1.0
244,6.21,0.78,14,0,False,False,False,False,True,False,False,False,False,True,False,1.0,-1.0
245,7.4,2.08,11,0,True,False,False,False,False,False,False,False,False,False,True,1.0,-1.0
246,3.74,1.12,9,0,False,True,False,False,False,False,False,False,False,True,False,0.0,1.0
247,6.11,2.29,13,0,True,False,False,False,False,True,False,False,False,False,False,1.0,-1.0
248,5.14,1.76,8,1,False,False,True,False,False,False,False,False,False,True,False,0.0,-1.0
249,3.96,1.12,3,0,False,True,False,False,False,False,False,True,False,False,False,0.0,-1.0
250,3.53,1.32,6,1,False,False,True,False,False,False,False,False,False,True,False,0.0,-1.0
251,5.47,0.92,12,1,False,False,False,False,True,False,False,False,False,False,True,0.0,-1.0
252,6.66,3.11,12,0,False,False,False,True,False,False,False,True,False,False,False,1.0,-1.0
253,5.39,2.37,11,1,False,False,True,False,False,False,True,False,False,False,False,1.0,-1.0
254,7.63,2.48,7,1,True,False,False,False,False,False,False,True,False,False,False,2.0,-1.0
255,4.24,2.24,6,0,False,False,False,True,False,False,False,False,False,True,False,0.0,-1.0
256,4.26,1.24,3,0,False,False,True,False,False,True,False,False,False,False,False,0.0,-1.0
257,5.01,2.77,7,0,False,False,False,True,False,False,False,False,False,False,True,2.0,-1.0
258,5.39,2.67,8,1,True,False,False,False,False,False,False,False,True,False,False,2.0,-1.0
259,8.88,2.92,3,1,True,False,False,False,False,False,True,False,False,False,False,2.0,-1.0
260,5.0,1.02,14,0,False,False,False,False,True,False,True,False,False,False,False,0.0,-1.0
261,4.91,1.44,5,0,False,True,False,False,False,False,False,False,False,False,True,0.0,-1.0
262,7.96,1.52,5,0,False,False,False,True,False,False,False,False,False,False,True,2.0,-1.0
263,4.02,2.29,7,1,False,False,True,False,False,False,False,False,True,False,False,0.0,-1.0
264,7.0,2.69,8,0,True,False,False,False,False,True,False,False,False,False,False,2.0,-1.0
265,7.79,2.48,5,1,True,False,False,False,False,False,False,False,False,False,True,2.0,-1.0
266,4.01,0.7,8,0,False,False,False,False,True,False,False,False,False,False,True,0.0,-1.0
267,4.35,1.58,11,0,False,False,True,False,False,False,False,False,False,False,True,0.0,2.0
268,4.93,1.3,7,0,False,True,False,False,False,False,False,False,False,True,False,0.0,-1.0
269,5.82,2.14,14,1,False,False,True,False,False,False,True,False,False,False,False,1.0,-1.0
270,8.09,2.04,9,1,True,False,False,False,False,False,False,False,False,False,True,2.0,-1.0
271,4.21,2.56,8,0,False,False,False,True,False,False,False,False,False,True,False,2.0,-1.0
272,4.87,0.87,7,1,False,True,False,False,False,False,False,True,False,False,False,0.0,-1.0
273,6.25,1.54,3,0,False,False,False,False,True,False,False,True,False,False,False,2.0,-1.0
274,7.34,2.81,13,0,True,False,False,False,False,False,False,False,False,False,True,1.0,3.0
275,7.92,2.56,14,0,False,False,False,True,False,False,False,False,False,False,True,1.0,3.0
276,7.26,2.78,9,1,True,False,False,False,False,False,False,False,False,False,True,2.0,4.0
277,5.26,2.04,4,1,False,True,False,False,False,False,False,False,True,False,False,2.0,-1.0
278,5.73,1.58,11,1,False,False,True,False,False,False,False,True,False,False,False,1.0,-1.0
279,8.37,2.5,11,1,True,False,False,False,False,False,False,True,False,False,False,1.0,-1.0
280,7.12,2.77,11,1,True,False,False,False,False,False,False,False,True,False,False,1.0,-1.0
281,6.19,2.26,13,0,True,False,False,False,False,False,False,False,True,False,False,1.0,-1.0
282,3.41,1.75,6,1,False,False,False,False,True,False,False,False,False,False,True,0.0,-1.0
283,7.64,2.94,6,1,True,False,False,False,False,False,False,False,True,False,False,2.0,-1.0
284,7.71,2.32,5,0,False,False,False,True,False,False,False,False,False,True,False,2.0,-1.0
285,5.91,2.44,11,1,False,False,True,False,False,True,False,False,False,False,False,1.0,-1.0
286,5.58,1.53,13,1,False,False,False,False,True,False,False,False,False,False,True,1.0,-1.0
287,4.63,1.73,13,0,False,False,True,False,False,False,False,True,False,False,False,1.0,6.0
288,7.61,1.92,9,0,False,False,False,True,False,False,False,True,False,False,False,2.0,-1.0
289,4.66,0.75,4,1,False,False,False,False,True,False,False,False,True,False,False,0.0,-1.0
290,4.58,1.9,11,0,False,False,False,True,False,True,False,False,False,False,False,1.0,2.0
291,7.05,2.24,14,0,True,False,False,False,False,False,False,True,False,False,False,1.0,-1.0
292,7.04,2.88,9,1,True,False,False,False,False,False,False,False,True,False,False,2.0,4.0
293,4.24,0.67,7,1,False,False,False,False,True,False,False,False,False,True,False,0.0,-1.0
294,5.82,2.39,14,0,False,False,False,True,False,False,False,True,False,False,False,1.0,-1.0
295,6.99,2.41,11,0,True,False,False,False,False,False,False,True,False,False,False,1.0,-1.0
296,5.77,1.2,7,0,False,False,False,False,True,False,True,False,False,False,False,0.0,-1.0
297,3.04,2.03,9,0,False,True,False,False,False,False,False,False,False,True,False,0.0,-1.0
298,6.04,1.52,3,0,False,False,False,True,False,False,False,False,False,True,False,2.0,-1.0
299,5.98,2.47,12,1,True,False,False,False,False,False,True,False,False,False,False,1.0,-1.0
300,4.37,0.61,3,1,False,False,False,False,True,False,False,False,False,False,True,0.0,-1.0
301,4.02,1.93,8,0,False,False,True,False,False,False,False,False,False,True,False,0.0,-1.0
302,7.07,2.83,14,1,False,False,False,True,False,False,False,False,False,False,True,1.0,-1.0
303,3.2,1.52,12,1,False,False,False,False,True,False,True,False,False,False,False,0.0,-1.0
304,6.05,1.59,11,1,False,False,False,True,False,True,False,False,False,False,False,1.0,-1.0
305,5.99,2.4,9,0,True,False,False,False,False,False,True,False,False,False,False,2.0,-1.0
306,3.63,2.2,9,0,False,False,True,False,False,False,False,False,False,True,False,0.0,-1.0
307,5.53,1.24,9,0,False,False,True,False,False,False,False,True,False,False,False,0.0,-1.0
308,5.68,1.04,6,1,False,False,True,False,False,False,True,False,False,False,False,0.0,-1.0
309,4.19,2.06,12,0,False,True,False,False,False,True,False,False,False,False,False,1.0,2.0
310,4.88,1.14,5,0,False,True,False,False,False,False,False,False,False,False,True,0.0,-1.0
311,4.61,1.22,12,1,False,False,False,False,True,False,False,False,True,False,False,0.0,5.0
312,7.16,2.05,12,1,False,False,False,True,False,True,False,False,False,False,False,1.0,-1.0
313,4.28,2.4,14,0,False,False,False,True,False,False,False,False,False,True,False,1.0,-1.0
314,5.22,1.76,13,0,False,False,True,False,False,False,False,True,False,False,False,1.0,-1.0
315,3.66,1.91,4,0,False,True,False,False,False,False,False,False,False,False,True,0.0,-1.0
316,5.88,2.31,9,1,False,False,True,False,False,False,False,False,False,True,False,2.0,-1.0
317,6.58,2.77,9,0,True,False,False,False,False,True,False,False,False,False,False,2.0,-1.0
318,5.15,2.03,9,1,False,False,False,True,False,False,False,False,True,False,False,0.0,-1.0
319,7.05,2.52,9,1,True,False,False,False,False,False,False,False,False,False,True,2.0,4.0
320,4.2,1.87,10,0,False,True,False,False,False,False,False,False,False,True,False,0.0,2.0
321,5.75,2.16,14,1,True,False,False,False,False,False,False,True,False,False,False,1.0,-1.0
322,4.21,2.15,13,0,False,False,True,False,False,False,False,False,False,False,True,1.0,-1.0
323,4.08,1.09,12,1,False,True,False,False,False,False,False,False,True,False,False,0.0,5.0
324,3.65,1.14,13,0,False,False,False,False,True,False,True,False,False,False,False,0.0,-1.0
325,4.56,0.63,14,1,False,False,False,False,True,False,True,False,False,False,False,0.0,-1.0
326,4.53,1.7,6,1,False,True,False,False,False,False,True,False,False,False,False,0.0,-1.0
327,5.18,1.64,10,0,False,False,True,False,False,False,False,False,False,False,True,0.0,-1.0
328,7.57,2.58,6,1,False,False,False,True,False,False,False,False,True,False,False,2.0,-1.0
329,3.89,1.99,6,0,False,True,False,False,False,False,False,False,False,True,False,0.0,-1.0
330,4.99,2.84,8,0,False,False,False,True,False,True,False,False,False,False,False,2.0,-1.0
331,4.34,1.35,3,1,False,True,False,False,False,False,False,True,False,False,False,0.0,-1.0
332,5.48,2.4,6,0,False,False,False,True,False,False,False,False,True,False,False,2.0,-1.0
333,3.64,1.55,11,1,False,True,False,False,False,False,False,False,True,False,False,0.0,-1.0
334,7.27,3.0,8,1,False,False,False,True,False,True,False,False,False,False,False,2.0,4.0
335,3.75,1.41,9,1,False,True,False,False,False,False,False,False,True,False,False,0.0,8.0
336,3.65,1.66,4,0,False,False,False,False,True,False,False,False,False,True,False,0.0,-1.0
337,5.51,0.68,10,1,False,False,False,False,True,False,False,True,False,False,False,0.0,-1.0
338,4.49,1.5,13,0,False,True,False,False,False,False,False,False,True,False,False,0.0,6.0
339,7.37,2.57,9,1,True,False,False,False,False,False,True,False,False,False,False,2.0,4.0
340,4.7,0.92,8,0,False,True,False,False,False,True,False,False,False,False,False,0.0,-1.0
341,4.35,1.46,8,1,False,False,False,False,True,True,False,False,False,False,False,0.0,8.0
342,5.18,2.42,14,1,True,False,False,False,False,False,False,False,True,False,False,1.0,-1.0
343,5.43,1.39,12,1,False,False,True,False,False,False,False,False,False,True,False,0.0,-1.0
344,4.39,2.08,7,0,False,False,False,True,False,False,True,False,False,False,False,0.0,-1.0
345,5.85,2.91,4,0,False,False,False,True,False,False,True,False,False,False,False,2.0,-1.0
346,3.72,0.75,9,1,False,False,False,False,True,False,False,False,True,False,False,0.0,-1.0
347,6.49,2.75,9,0,True,False,False,False,False,False,True,False,False,False,False,2.0,-1.0
348,5.96,1.26,10,0,False,False,False,False,True,False,True,False,False,False,False,0.0,-1.0
349,5.1,2.98,9,0,True,False,False,False,False,False,False,False,False,False,True,2.0,-1.0
350,4.25,2.99,14,1,False,False,False,True,False,False,False,False,True,False,False,1.0,-1.0
351,4.75,1.39,8,0,False,True,False,False,False,False,False,False,False,False,True,0.0,-1.0
352,5.98,2.16,12,0,False,False,True,False,False,False,False,True,False,False,False,1.0,-1.0
353,7.91,2.12,14,0,False,False,False,True,False,False,True,False,False,False,False,1.0,-1.0
354,3.3,0.76,10,0,False,False,False,False,True,False,True,False,False,False,False,0.0,-1.0
355,5.97,1.74,3,1,False,False,False,False,True,False,True,False,False,False,False,2.0,-1.0
356,7.58,2.5,11,0,False,False,False,True,False,False,False,False,False,False,True,1.0,-1.0
357,4.45,2.87,13,1,False,False,False,True,False,False,True,False,False,False,False,1.0,-1.0
358,4.48,0.89,11,0,False,True,False,False,False,False,False,False,False,True,False,0.0,-1.0
359,6.76,1.85,5,0,False,False,False,True,False,False,True,False,False,False,False,2.0,-1.0
360,3.33,0.96,11,1,False,True,False,False,False,False,False,False,False,True,False,0.0,-1.0
361,4.85,2.2,14,0,False,False,True,False,False,True,False,False,False,False,False,1.0,-1.0
362,5.74,1.79,9,1,False,False,False,False,True,True,False,False,False,False,False,0.0,7.0
363,3.87,1.29,13,1,False,True,False,False,False,False,False,False,True,False,False,0.0,5.0
364,5.65,0.8,5,0,False,False,False,False,True,False,False,False,True,False,False,0.0,-1.0
365,3.64,1.64,11,0,False,True,False,False,False,False,False,False,False,True,False,0.0,-1.0
366,4.52,3.26,11,1,False,False,False,True,False,False,False,False,True,False,False,1.0,-1.0
367,3.94,1.97,5,0,False,True,False,False,False,False,True,False,False,False,False,0.0,-1.0
368,3.95,1.92,3,0,False,True,False,False,False,False,False,False,False,False,True,0.0,-1.0
369,4.71,2.75,5,1,False,False,False,True,False,False,True,False,False,False,False,2.0,-1.0
370,5.4,1.78,14,0,False,False,False,True,False,False,True,False,False,False,False,1.0,-1.0
371,5.98,1.68,7,1,False,False,True,False,False,False,False,False,False,False,True,0.0,-1.0
372,4.62,3.12,10,0,False,False,False,True,False,False,False,False,True,False,False,1.0,-1.0
373,2.54,1.68,12,1,False,True,False,False,False,False,False,False,False,False,True,0.0,-1.0
374,5.0,1.85,8,0,False,False,True,False,False,True,False,False,False,False,False,0.0,-1.0
375,3.65,0.87,5,1,False,True,False,False,False,False,False,True,False,False,False,0.0,-1.0
376,3.39,1.55,13,1,False,False,False,False,True,False,True,False,False,False,False,0.0,-1.0
377,4.29,1.11,11,1,False,False,False,False,True,False,True,False,False,False,False,0.0,5.0
378,5.3,1.07,7,1,False,False,False,False,True,False,False,False,False,False,True,0.0,-1.0
379,8.23,2.97,14,0,True,False,False,False,False,False,False,True,False,False,False,1.0,-1.0
380,4.3,1.34,5,0,False,False,True,False,False,False,False,False,True,False,False,0.0,-1.0
381,5.5,3.0,5,1,False,False,False,True,False,False,False,True,False,False,False,2.0,-1.0
382,5.27,2.89,10,1,True,False,False,False,False,False,False,True,False,False,False,1.0,-1.0
383,4.18,1.14,12,1,False,True,False,False,False,True,False,False,False,False,False,0.0,5.0
384,5.48,2.31,7,1,False,False,True,False,False,False,False,False,False,True,False,2.0,-1.0
385,4.95,1.45,14,0,False,False,True,False,False,False,False,False,True,False,False,1.0,6.0
386,4.5,1.4,8,1,False,True,False,False,False,True,False,False,False,False,False,0.0,8.0
387,5.83,1.87,3,1,False,False,True,False,False,False,False,True,False,False,False,2.0,-1.0
388,6.22,1.7,10,1,False,False,False,False,True,False,False,False,True,False,False,1.0,7.0
389,4.84,1.53,4,1,False,False,False,True,False,True,False,False,False,False,False,0.0,-1.0
390,5.12,3.15,11,1,False,False,False,True,False,False,False,True,False,False,False,1.0,-1.0
391,3.98,1.21,11,1,False,False,True,False,False,False,True,False,False,False,False,0.0,5.0
392,5.63,2.75,14,0,False,False,False,True,False,True,False,False,False,False,False,1.0,-1.0
393,4.86,1.6,12,0,False,False,False,False,True,False,False,False,True,False,False,1.0,6.0
394,5.4,1.64,6,0,False,False,True,False,False,False,False,False,False,True,False,0.0,-1.0
395,5.84,1.58,10,1,False,False,True,False,False,False,False,False,False,False,True,0.0,7.0
396,7.99,2.14,4,0,False,False,False,True,False,False,False,False,True,False,False,2.0,-1.0
397,8.99,2.09,14,1,True,False,False,False,False,True,False,False,False,False,False,1.0,-1.0
398,5.62,2.02,13,1,False,False,False,True,False,False,False,False,False,False,True,1.0,12.0
399,6.79,2.6,10,1,True,False,False,False,False,True,False,False,False,False,False,1.0,-1.0
400,3.54,1.69,6,0,False,False,False,False,True,False,False,False,False,True,False,0.0,-1.0
401,3.6,1.08,11,0,False,True,False,False,False,False,False,False,True,False,False,0.0,-1.0
402,4.06,2.98,6,1,False,False,False,True,False,False,False,False,False,False,True,2.0,-1.0
403,4.51,1.09,9,0,False,False,False,False,True,False,False,False,True,False,False,0.0,-1.0
404,4.43,1.69,4,0,False,False,False,True,False,False,False,False,True,False,False,0.0,10.0
405,2.59,1.49,14,1,False,True,False,False,False,False,False,False,True,False,False,0.0,-1.0
406,5.3,1.12,14,1,False,False,False,False,True,True,False,False,False,False,False,0.0,-1.0
407,3.88,1.54,9,1,False,False,False,False,True,False,False,True,False,False,False,0.0,8.0
408,5.64,1.94,8,1,False,False,False,True,False,False,False,False,True,False,False,2.0,7.0
409,5.57,2.85,7,1,False,False,False,True,False,False,True,False,False,False,False,2.0,9.0
410,5.15,2.02,3,0,False,True,False,False,False,False,False,False,False,True,False,2.0,-1.0
411,5.18,2.13,5,1,False,False,False,True,False,False,False,False,False,False,True,2.0,-1.0
412,6.53,2.36,8,1,True,False,False,False,False,False,False,False,False,False,True,2.0,-1.0
413,4.55,2.97,4,1,False,False,False,True,False,False,False,True,False,False,False,2.0,-1.0
414,5.0,1.78,4,0,False,False,False,False,True,False,False,False,False,False,True,0.0,-1.0
415,3.68,2.32,8,1,False,False,True,False,False,False,False,True,False,False,False,0.0,-1.0
416,5.81,2.07,9,1,True,False,False,False,False,False,False,True,False,False,False,1.0,7.0
417,5.65,2.41,14,0,False,False,True,False,False,False,False,False,False,False,True,1.0,-1.0
418,4.91,1.23,11,0,False,True,False,False,False,False,False,False,False,True,False,0.0,-1.0
419,5.5,1.75,7,0,False,False,False,False,True,False,False,False,False,False,True,0.0,-1.0
420,7.33,2.54,6,1,True,False,False,False,False,False,False,False,False,False,True,2.0,-1.0
421,5.31,2.2,4,0,False,False,True,False,False,False,False,False,False,False,True,2.0,-1.0
422,4.13,1.43,9,1,False,False,False,False,True,False,False,False,True,False,False,0.0,8.0
423,4.59,1.72,13,0,False,False,True,False,False,False,False,False,True,False,False,1.0,6.0
424,7.73,3.01,5,0,False,False,False,True,False,False,False,False,True,False,False,2.0,-1.0
425,3.86,1.58,13,0,False,False,True,False,False,False,True,False,False,False,False,0.0,-1.0
426,4.83,3.12,3,1,False,False,False,True,False,False,False,False,False,True,False,2.0,-1.0
427,3.23,0.86,11,0,False,True,False,False,False,False,False,False,True,False,False,0.0,-1.0
428,4.65,1.97,13,1,False,False,False,True,False,False,False,False,False,False,True,1.0,-1.0
429,4.5,2.52,6,1,False,False,False,True,False,True,False,False,False,False,False,2.0,-1.0
430,7.37,1.66,3,0,False,False,False,True,False,False,True,False,False,False,False,2.0,-1.0
431,5.53,2.51,14,0,True,False,False,False,False,True,False,False,False,False,False,1.0,-1.0
432,6.44,2.59,14,0,True,False,False,False,False,False,True,False,False,False,False,1.0,-1.0
433,6.19,1.74,4,0,False,False,False,True,False,False,False,False,False,True,False,2.0,-1.0
434,4.12,1.1,13,1,False,False,True,False,False,False,False,False,False,True,False,0.0,5.0
435,3.66,1.53,12,0,False,False,False,False,True,False,False,False,False,False,True,0.0,-1.0
436,5.39,1.26,12,1,False,True,False,False,False,False,False,False,False,True,False,0.0,-1.0
437,5.64,2.99,3,1,True,False,False,False,False,False,False,False,False,True,False,2.0,-1.0
438,2.74,1.5,11,0,False,True,False,False,False,False,False,False,False,False,True,0.0,-1.0
439,4.89,1.49,13,0,False,False,False,False,True,False,False,False,True,False,False,1.0,6.0
440,4.41,0.87,4,1,False,False,False,False,True,False,False,False,False,False,True,0.0,-1.0
441,4.19,1.35,5,1,False,True,False,False,False,False,True,False,False,False,False,0.0,-1.0
442,5.74,2.36,8,0,True,False,False,False,False,False,False,False,True,False,False,2.0,-1.0
443,7.57,2.44,10,1,True,False,False,False,False,False,False,False,False,True,False,1.0,-1.0
444,3.34,1.08,6,1,False,True,False,False,False,False,False,True,False,False,False,0.0,-1.0
445,6.23,1.0,8,0,False,False,False,False,True,False,False,False,False,True,False,0.0,-1.0
446,6.67,3.18,12,0,False,False,False,True,False,False,False,False,False,False,True,1.0,-1.0
447,4.62,2.32,14,1,False,False,True,False,False,False,False,False,False,True,False,1.0,-1.0
448,4.1,2.08,14,0,False,False,True,False,False,False,False,False,True,False,False,1.0,-1.0
449,3.98,1.07,6,1,False,False,False,False,True,False,False,False,False,False,True,0.0,-1.0
450,5.76,0.99,14,0,False,False,False,False,True,False,False,False,False,True,False,1.0,-1.0
451,7.14,2.09,13,0,True,False,False,False,False,True,False,False,False,False,False,1.0,-1.0
452,3.77,0.74,14,1,False,False,False,False,True,False,False,True,False,False,False,0.0,-1.0
453,6.43,0.77,3,1,False,False,False,False,True,False,False,True,False,False,False,0.0,-1.0
454,6.83,2.09,8,0,True,False,False,False,False,False,False,True,False,False,False,2.0,-1.0
455,5.69,2.72,7,1,True,False,False,False,False,False,True,False,False,False,False,2.0,9.0
456,6.88,3.42,13,0,False,False,False,True,False,False,False,True,False,False,False,1.0,-1.0
457,3.65,1.82,8,1,False,True,False,False,False,False,False,False,False,False,True,0.0,-1.0
458,6.75,2.72,10,1,True,False,False,False,False,False,False,False,False,False,True,1.0,-1.0
459,6.21,0.73,10,0,False,False,False,False,True,False,False,False,False,False,True,0.0,-1.0
460,4.57,1.3,9,1,False,False,True,False,False,False,False,False,False,True,False,0.0,8.0
461,4.69,2.01,8,1,False,True,False,False,False,True,False,False,False,False,False,0.0,-1.0
462,4.19,1.36,12,1,False,False,True,False,False,False,True,False,False,False,False,0.0,5.0
463,4.09,1.56,14,0,False,True,False,False,False,True,False,False,False,False,False,1.0,-1.0
464,5.2,1.28,5,1,False,False,True,False,False,False,False,False,True,False,False,0.0,-1.0
465,7.9,2.49,8,0,True,False,False,False,False,False,False,True,False,False,False,2.0,-1.0
466,7.19,3.44,4,0,False,False,False,True,False,False,False,False,False,True,False,2.0,-1.0
467,5.98,2.19,5,1,False,False,False,True,False,False,False,False,False,True,False,2.0,-1.0
468,3.42,1.62,6,1,False,True,False,False,False,True,False,False,False,False,False,0.0,-1.0
469,4.46,1.88,3,0,False,False,True,False,False,False,False,False,True,False,False,0.0,10.0
470,6.26,2.48,9,1,True,False,False,False,False,False,False,False,True,False,False,2.0,11.0
471,5.32,2.74,7,0,True,False,False,False,False,False,False,False,False,True,False,2.0,-1.0
472,6.24,2.55,4,0,True,False,False,False,False,False,False,True,False,False,False,2.0,-1.0
473,5.78,1.43,7,1,False,False,False,False,True,True,False,False,False,False,False,0.0,14.0
474,4.6,1.33,5,1,False,True,False,False,False,False,False,True,False,False,False,0.0,-1.0
475,3.27,1.15,3,1,False,True,False,False,False,True,False,False,False,False,False,0.0,-1.0
476,5.86,1.04,5,0,False,False,False,False,True,False,False,False,False,False,True,0.0,-1.0
477,5.44,1.07,12,1,False,True,False,False,False,False,False,False,True,False,False,0.0,-1.0
478,3.58,1.57,5,1,False,True,False,False,False,False,False,False,False,True,False,0.0,-1.0
479,4.17,1.97,4,0,False,False,False,True,False,False,False,False,False,True,False,0.0,10.0
480,6.97,2.03,13,0,True,False,False,False,False,False,False,True,False,False,False,1.0,-1.0
481,6.57,2.21,4,1,True,False,False,False,False,False,False,False,True,False,False,2.0,-1.0
482,2.69,2.09,11,1,False,True,False,False,False,False,False,False,False,False,True,0.0,-1.0
483,5.84,2.89,7,1,True,False,False,False,False,False,False,False,True,False,False,2.0,9.0
484,4.17,2.15,4,0,False,False,False,True,False,False,False,True,False,False,False,0.0,10.0
485,8.57,2.19,8,0,True,False,False,False,False,False,False,False,True,False,False,2.0,-1.0
486,3.49,1.62,3,1,False,True,False,False,False,False,False,False,False,True,False,0.0,-1.0
487,7.33,2.43,6,1,False,False,False,True,False,False,True,False,False,False,False,2.0,-1.0
488,7.02,2.13,9,0,True,False,False,False,False,False,False,False,False,True,False,1.0,-1.0
489,6.39,1.08,4,0,False,False,False,False,True,False,False,False,False,False,True,0.0,-1.0
490,4.24,1.59,7,1,False,False,False,True,False,False,False,False,True,False,False,0.0,-1.0
491,4.75,1.37,3,1,False,True,False,False,False,False,False,False,True,False,False,0.0,-1.0
492,3.69,1.08,11,1,False,False,True,False,False,False,False,False,True,False,False,0.0,5.0
493,6.65,3.24,13,0,False,False,False,True,False,False,False,False,True,False,False,1.0,-1.0
494,7.91,2.29,13,0,True,False,False,False,False,True,False,False,False,False,False,1.0,15.0
495,4.19,1.67,4,0,False,True,False,False,False,False,False,False,True,False,False,0.0,10.0
496,3.65,1.21,10,1,False,True,False,False,False,True,False,False,False,False,False,0.0,-1.0
497,5.79,2.98,14,0,False,False,False,True,False,False,False,False,False,False,True,1.0,-1.0
498,3.58,1.12,12,0,False,False,True,False,False,False,False,False,True,False,False,0.0,-1.0
499,5.36,2.17,6,0,False,True,False,False,False,False,True,False,False,False,False,2.0,-1.0
500,5.18,2.22,8,1,False,False,True,False,False,False,False,True,False,False,False,2.0,-1.0
501,3.92,0.87,6,0,False,False,False,False,True,False,True,False,False,False,False,0.0,-1.0
502,4.24,1.92,5,1,False,False,False,True,False,True,False,False,False,False,False,0.0,-1.0
503,4.06,1.58,11,1,False,False,False,False,True,False,False,True,False,False,False,0.0,5.0
504,5.98,2.25,9,1,False,False,False,True,False,False,False,False,False,True,False,1.0,11.0
505,2.96,2.11,8,0,False,True,False,False,False,False,True,False,False,False,False,0.0,-1.0
506,4.18,2.51,12,1,False,False,False,True,False,False,False,False,False,True,False,1.0,-1.0
507,3.18,0.92,5,0,False,False,False,False,True,True,False,False,False,False,False,0.0,-1.0
508,5.25,2.06,12,1,False,True,False,False,False,True,False,False,False,False,False,1.0,12.0
509,5.99,2.68,6,1,False,False,False,True,False,False,True,False,False,False,False,2.0,9.0
510,5.65,2.41,4,0,False,False,True,False,False,True,False,False,False,False,False,2.0,-1.0
511,5.64,3.29,3,0,False,False,False,True,False,False,False,False,True,False,False,2.0,-1.0
512,2.67,1.31,12,0,False,True,False,False,False,False,False,True,False,False,False,0.0,-1.0
513,8.53,2.21,12,1,True,False,False,False,False,False,False,True,False,False,False,1.0,-1.0
514,5.92,1.15,14,0,False,False,True,False,False,False,False,False,False,True,False,1.0,-1.0
515,4.67,1.83,3,0,False,False,False,True,False,False,False,True,False,False,False,0.0,10.0
516,8.8,2.11,13,1,True,False,False,False,False,False,False,False,False,True,False,1.0,-1.0
517,6.62,2.37,9,1,True,False,False,False,False,True,False,False,False,False,False,2.0,11.0
518,5.0,1.55,14,0,False,True,False,False,False,False,True,False,False,False,False,1.0,6.0
519,7.95,2.9,11,0,True,False,False,False,False,False,False,False,False,True,False,1.0,-1.0
520,8.88,2.01,3,1,True,False,False,False,False,False,False,True,False,False,False,2.0,-1.0
521,6.63,2.0,4,1,True,False,False,False,False,False,False,False,False,False,True,2.0,-1.0
522,4.81,0.54,9,0,False,False,False,False,True,False,False,False,True,False,False,0.0,-1.0
523,4.76,3.05,12,0,False,False,False,True,False,False,False,False,False,False,True,1.0,-1.0
524,3.6,2.13,9,1,False,True,False,False,False,False,True,False,False,False,False,0.0,-1.0
525,7.04,2.37,9,0,True,False,False,False,False,False,False,False,False,True,False,2.0,-1.0
526,7.26,1.9,11,1,False,False,False,True,False,False,False,False,True,False,False,1.0,-1.0
527,6.5,1.49,14,1,False,False,False,False,True,False,True,False,False,False,False,1.0,-1.0
528,3.83,2.07,5,0,False,False,True,False,False,False,False,True,False,False,False,0.0,10.0
529,5.94,2.67,6,1,False,False,False,True,False,False,False,True,False,False,False,2.0,9.0
530,3.81,1.07,6,1,False,False,True,False,False,False,False,True,False,False,False,0.0,-1.0
531,6.13,0.83,9,1,False,False,False,False,True,True,False,False,False,False,False,0.0,-1.0
532,3.6,1.72,5,0,False,False,True,False,False,True,False,False,False,False,False,0.0,-1.0
533,4.91,2.12,12,1,False,False,True,False,False,False,False,False,False,False,True,1.0,-1.0
534,6.5,2.79,11,0,True,False,False,False,False,False,False,False,False,True,False,1.0,-1.0
535,5.63,2.01,13,1,True,False,False,False,False,False,False,False,True,False,False,1.0,12.0
536,2.95,1.36,11,1,False,True,False,False,False,False,False,True,False,False,False,0.0,-1.0
537,5.22,2.79,8,0,False,False,False,True,False,False,False,True,False,False,False,2.0,-1.0
538,7.46,2.03,11,0,True,False,False,False,False,False,False,True,False,False,False,1.0,-1.0
539,6.26,1.62,3,1,False,False,False,True,False,False,False,False,False,True,False,2.0,-1.0
540,4.42,1.99,10,0,False,False,True,False,False,False,True,False,False,False,False,0.0,-1.0
541,5.08,1.21,3,1,False,True,False,False,False,False,False,False,True,False,False,0.0,-1.0
542,2.73,1.95,14,0,False,True,False,False,False,False,False,True,False,False,False,0.0,-1.0
543,6.1,1.47,7,1,False,False,False,False,True,True,False,False,False,False,False,0.0,14.0
544,5.03,1.39,9,1,False,False,False,False,True,False,False,True,False,False,False,0.0,13.0
545,5.19,2.65,7,1,True,False,False,False,False,False,False,True,False,False,False,2.0,9.0
546,7.06,2.57,7,1,True,False,False,False,False,False,True,False,False,False,False,2.0,-1.0
547,6.6,2.78,7,0,False,False,False,True,False,False,False,False,False,False,True,2.0,-1.0
548,7.04,2.66,14,1,True,False,False,False,False,False,True,False,False,False,False,1.0,-1.0
549,4.04,2.44,6,0,False,False,False,True,False,False,False,False,False,True,False,2.0,-1.0
550,7.5,2.73,6,0,True,False,False,False,False,False,True,False,False,False,False,2.0,-1.0
551,4.63,1.56,10,1,False,True,False,False,False,False,False,False,False,True,False,0.0,13.0
552,5.03,3.21,11,1,False,False,False,True,False,False,False,True,False,False,False,1.0,-1.0
553,3.26,1.31,4,1,False,False,False,False,True,False,True,False,False,False,False,0.0,-1.0
554,3.36,0.93,3,1,False,True,False,False,False,False,True,False,False,False,False,0.0,-1.0
555,4.54,1.49,4,1,False,False,True,False,False,False,False,False,False,False,True,0.0,-1.0
556,6.25,1.93,14,1,False,False,False,True,False,False,False,False,False,True,False,1.0,-1.0
557,7.07,2.89,4,0,True,False,False,False,False,False,False,False,False,False,True,2.0,-1.0
558,5.36,1.49,6,1,False,False,True,False,False,False,False,False,False,True,False,0.0,-1.0
559,4.72,0.81,11,1,False,True,False,False,False,False,False,True,False,False,False,0.0,-1.0
560,4.15,1.12,5,0,False,False,True,False,False,False,True,False,False,False,False,0.0,-1.0
561,6.47,2.42,3,1,True,False,False,False,False,False,False,False,False,False,True,2.0,-1.0
562,2.7,1.31,6,1,False,True,False,False,False,False,True,False,False,False,False,0.0,-1.0
563,6.24,1.56,6,0,False,False,False,False,True,False,False,False,False,False,True,2.0,-1.0
564,4.59,2.66,10,0,False,False,False,True,False,False,False,False,False,True,False,1.0,-1.0
565,5.19,2.19,13,0,False,False,False,True,False,False,False,False,False,False,True,1.0,-1.0
566,6.09,1.44,8,0,False,False,False,False,True,False,False,False,False,True,False,0.0,-1.0
567,5.95,2.75,13,0,True,False,False,False,False,False,False,False,False,False,True,1.0,-1.0
568,4.97,2.05,12,1,False,False,True,False,False,True,False,False,False,False,False,1.0,-1.0
569,4.04,1.67,7,0,False,False,True,False,False,False,False,False,False,True,False,0.0,-1.0
570,4.54,1.87,3,1,False,False,True,False,False,True,False,False,False,False,False,0.0,17.0
571,7.55,3.23,11,1,False,False,False,True,False,True,False,False,False,False,False,1.0,-1.0
572,3.76,1.53,13,0,False,True,False,False,False,False,False,True,False,False,False,0.0,-1.0
573,6.99,2.84,3,0,False,False,False,True,False,False,False,True,False,False,False,2.0,-1.0
574,4.98,1.12,11,0,False,False,True,False,False,False,True,False,False,False,False,0.0,-1.0
575,3.56,1.32,4,1,False,False,True,False,False,False,False,False,True,False,False,0.0,-1.0
576,4.76,2.13,3,1,False,True,False,False,False,False,False,True,False,False,False,2.0,-1.0
577,6.06,2.01,12,0,True,False,False,False,False,False,False,True,False,False,False,1.0,-1.0
578,3.5,0.64,5,0,False,False,False,False,True,False,False,True,False,False,False,0.0,-1.0
579,5.95,1.53,7,1,False,False,True,False,False,False,False,False,False,True,False,0.0,14.0
580,8.58,2.18,4,0,True,False,False,False,False,False,False,False,True,False,False,2.0,-1.0
581,4.62,1.07,6,1,False,False,True,False,False,False,False,True,False,False,False,0.0,-1.0
582,3.88,1.36,3,0,False,True,False,False,False,True,False,False,False,False,False,0.0,-1.0
583,3.05,1.36,9,0,False,True,False,False,False,False,True,False,False,False,False,0.0,-1.0
584,6.03,2.09,13,1,False,False,False,True,False,True,False,False,False,False,False,1.0,12.0
585,3.67,1.53,7,1,False,False,False,False,True,True,False,False,False,False,False,0.0,19.0
586,3.92,1.68,12,1,False,True,False,False,False,False,False,False,True,False,False,0.0,-1.0
587,8.01,2.23,3,1,True,False,False,False,False,False,True,False,False,False,False,2.0,-1.0
588,5.1,1.5,5,0,False,False,False,True,False,False,True,False,False,False,False,0.0,18.0
589,3.81,1.37,9,0,False,True,False,False,False,False,True,False,False,False,False,0.0,-1.0
590,4.13,1.6,5,0,False,False,True,False,False,False,False,False,False,False,True,0.0,10.0
591,4.71,0.92,14,0,False,True,False,False,False,False,False,False,True,False,False,0.0,-1.0
592,4.78,1.6,8,1,False,False,False,False,True,False,True,False,False,False,False,0.0,13.0
593,6.84,2.77,13,1,True,False,False,False,False,False,True,False,False,False,False,1.0,-1.0
594,4.3,2.02,6,0,False,True,False,False,False,False,False,True,False,False,False,0.0,-1.0
595,5.62,2.37,9,1,False,False,True,False,False,False,True,False,False,False,False,1.0,11.0
596,3.68,2.06,14,1,False,False,True,False,False,False,True,False,False,False,False,1.0,-1.0
597,4.19,2.14,8,0,False,False,True,False,False,False,True,False,False,False,False,0.0,-1.0
598,4.29,0.88,8,1,False,True,False,False,False,False,True,False,False,False,False,0.0,-1.0
599,5.04,2.3,5,1,True,False,False,False,False,True,False,False,False,False,False,2.0,-1.0
600,4.93,1.34,10,1,False,False,False,False,True,False,False,True,False,False,False,0.0,13.0
601,4.29,1.64,3,1,False,False,True,False,False,False,False,False,True,False,False,0.0,17.0
602,7.76,2.06,8,1,True,False,False,False,False,False,False,False,False,True,False,2.0,-1.0
603,5.99,2.0,12,1,False,False,True,False,False,False,False,False,True,False,False,1.0,12.0
604,5.02,1.5,14,1,False,False,False,False,True,True,False,False,False,False,False,1.0,-1.0
605,2.64,1.08,9,1,False,True,False,False,False,False,False,False,True,False,False,0.0,-1.0
606,2.59,1.22,7,1,False,True,False,False,False,False,False,False,False,False,True,0.0,-1.0
607,4.47,1.35,13,0,False,True,False,False,False,False,False,True,False,False,False,0.0,-1.0
608,5.79,1.73,8,1,False,False,True,False,False,False,False,True,False,False,False,0.0,14.0
609,7.45,2.27,3,0,True,False,False,False,False,False,False,False,True,False,False,2.0,-1.0
610,8.03,2.15,13,0,True,False,False,False,False,False,False,True,False,False,False,1.0,15.0
611,4.39,1.91,10,1,False,False,False,True,False,True,False,False,False,False,False,0.0,-1.0
612,4.42,1.22,7,1,False,False,False,False,True,False,True,False,False,False,False,0.0,-1.0
613,6.7,2.78,10,0,True,False,False,False,False,False,True,False,False,False,False,1.0,-1.0
614,7.88,2.05,14,0,True,False,False,False,False,False,True,False,False,False,False,1.0,15.0
615,6.0,1.77,7,0,False,False,False,True,False,False,False,False,True,False,False,2.0,-1.0
616,8.09,2.46,13,0,True,False,False,False,False,False,False,False,True,False,False,1.0,15.0
617,3.47,0.94,8,0,False,True,False,False,False,False,False,False,False,True,False,0.0,-1.0
618,6.07,1.15,4,0,False,False,False,False,True,False,False,False,False,True,False,0.0,-1.0
619,4.12,0.54,12,0,False,False,False,False,True,True,False,False,False,False,False,0.0,-1.0
620,5.76,2.34,10,0,False,False,True,False,False,True,False,False,False,False,False,1.0,-1.0
621,6.02,2.13,11,0,False,False,False,True,False,False,False,False,True,False,False,1.0,-1.0
622,4.09,1.69,8,0,False,True,False,False,False,False,True,False,False,False,False,0.0,-1.0
623,5.04,2.41,9,1,True,False,False,False,False,False,True,False,False,False,False,1.0,-1.0
624,5.13,1.06,5,0,False,False,False,False,True,True,False,False,False,False,False,0.0,18.0
625,6.1,1.58,7,0,False,False,False,True,False,False,False,False,True,False,False,0.0,-1.0
626,3.44,1.43,9,1,False,True,False,False,False,True,False,False,False,False,False,0.0,-1.0
627,4.7,0.9,14,1,False,True,False,False,False,False,False,True,False,False,False,0.0,-1.0
628,3.46,1.02,13,1,False,False,False,False,True,False,False,False,True,False,False,0.0,-1.0
629,2.91,0.93,11,0,False,True,False,False,False,False,False,False,True,False,False,0.0,-1.0
630,3.48,0.53,3,1,False,False,False,False,True,False,False,True,False,False,False,0.0,-1.0
631,4.52,0.96,4,0,False,True,False,False,False,False,True,False,False,False,False,0.0,16.0
632,7.79,2.9,5,0,False,False,False,True,False,False,False,False,True,False,False,2.0,-1.0
633,7.49,3.49,12,0,False,False,False,True,False,False,True,False,False,False,False,1.0,-1.0
634,7.22,2.11,14,0,True,False,False,False,False,False,False,False,True,False,False,1.0,-1.0
635,3.67,1.64,6,0,False,False,True,False,False,True,False,False,False,False,False,0.0,-1.0
636,5.34,1.59,3,1,False,False,True,False,False,False,False,False,False,True,False,0.0,17.0
637,4.29,3.24,6,1,False,False,False,True,False,False,False,False,False,False,True,2.0,-1.0
638,5.62,1.58,8,1,False,False,True,False,False,True,False,False,False,False,False,0.0,14.0
639,5.32,2.12,4,0,False,True,False,False,False,False,True,False,False,False,False,2.0,-1.0
640,4.55,1.46,11,1,False,False,False,False,True,False,False,False,True,False,False,0.0,-1.0
641,6.04,2.91,3,0,False,False,False,True,False,False,False,False,False,True,False,2.0,-1.0
642,5.46,1.85,5,0,False,False,False,True,False,False,False,True,False,False,False,2.0,-1.0
643,3.7,1.04,12,0,False,False,True,False,False,False,True,False,False,False,False,0.0,-1.0
644,5.1,1.86,13,0,False,False,True,False,False,False,False,False,False,True,False,1.0,-1.0
645,4.29,2.34,4,1,False,False,True,False,False,False,False,False,False,True,False,2.0,-1.0
646,4.41,2.23,12,1,False,False,True,False,False,False,False,True,False,False,False,1.0,-1.0
647,8.39,2.14,10,1,True,False,False,False,False,True,False,False,False,False,False,1.0,-1.0
648,4.83,1.71,3,1,False,True,False,False,False,False,False,False,False,True,False,0.0,17.0
649,2.7,1.35,5,0,False,True,False,False,False,False,False,True,False,False,False,0.0,-1.0
650,4.35,0.69,8,1,False,False,False,False,True,False,False,False,False,False,True,0.0,-1.0
651,7.18,2.42,4,1,True,False,False,False,False,False,False,True,False,False,False,2.0,-1.0
652,4.62,1.03,3,1,False,True,False,False,False,False,False,False,True,False,False,0.0,-1.0
653,6.0,0.61,8,1,False,False,False,False,True,True,False,False,False,False,False,0.0,-1.0
654,4.37,1.58,11,0,False,True,False,False,False,False,False,False,False,True,False,0.0,-1.0
655,4.61,1.8,9,0,False,False,True,False,False,False,False,True,False,False,False,0.0,20.0
656,2.98,2.16,7,0,False,True,False,False,False,False,False,False,True,False,False,0.0,-1.0
657,4.79,1.28,7,0,False,False,True,False,False,False,False,False,False,False,True,0.0,18.0
658,3.43,1.72,8,0,False,True,False,False,False,False,False,False,False,False,True,0.0,-1.0
659,5.72,2.05,9,1,True,False,False,False,False,False,False,False,False,True,False,1.0,-1.0
660,7.96,2.41,12,0,True,False,False,False,False,False,True,False,False,False,False,1.0,-1.0
661,4.77,1.18,7,0,False,False,False,False,True,False,False,True,False,False,False,0.0,-1.0
662,5.04,1.36,5,0,False,False,False,False,True,False,False,True,False,False,False,0.0,18.0
663,4.41,1.31,13,0,False,True,False,False,False,False,True,False,False,False,False,0.0,-1.0
664,3.79,1.29,8,0,False,False,True,False,False,False,False,False,True,False,False,0.0,-1.0
665,6.79,2.07,11,1,False,False,False,True,False,False,False,False,False,False,True,1.0,-1.0
666,7.35,2.07,5,0,True,False,False,False,False,False,False,False,False,True,False,2.0,-1.0
667,7.02,2.8,3,1,False,False,False,True,False,False,False,False,True,False,False,2.0,-1.0
668,5.02,1.45,4,0,False,True,False,False,False,False,False,True,False,False,False,0.0,18.0
669,7.43,2.17,13,1,False,False,False,True,False,False,False,False,False,True,False,1.0,-1.0
670,3.8,1.61,6,1,False,False,True,False,False,True,False,False,False,False,False,0.0,19.0
671,5.33,3.15,12,1,False,False,False,True,False,False,False,False,True,False,False,1.0,-1.0
672,2.72,0.88,3,1,False,True,False,False,False,False,False,False,True,False,False,0.0,-1.0
673,3.96,1.37,13,1,False,True,False,False,False,False,False,True,False,False,False,0.0,-1.0
674,8.96,2.99,12,0,True,False,False,False,False,False,False,False,True,False,False,1.0,-1.0
675,6.99,2.63,11,1,True,False,False,False,False,False,True,False,False,False,False,1.0,-1.0
676,7.21,1.71,14,1,False,False,False,True,False,False,False,False,False,True,False,1.0,-1.0
677,4.48,1.06,8,1,False,False,False,False,True,False,False,False,False,True,False,0.0,-1.0
678,5.06,2.84,13,0,False,False,False,True,False,False,False,True,False,False,False,1.0,-1.0
679,4.53,1.9,13,0,False,True,False,False,False,False,False,False,False,True,False,1.0,-1.0
680,4.48,1.15,3,1,False,False,True,False,False,True,False,False,False,False,False,0.0,-1.0
681,3.61,1.11,11,0,False,True,False,False,False,False,False,False,False,False,True,0.0,-1.0
682,4.95,1.9,5,0,False,True,False,False,False,False,False,False,False,True,False,0.0,-1.0
683,6.26,0.81,14,0,False,False,False,False,True,False,True,False,False,False,False,1.0,-1.0
684,7.68,2.73,11,0,True,False,False,False,False,False,False,False,False,True,False,1.0,-1.0
685,3.23,0.78,9,1,False,False,False,False,True,True,False,False,False,False,False,0.0,-1.0
686,5.51,2.55,8,0,False,False,False,True,False,False,False,True,False,False,False,2.0,-1.0
687,6.98,2.75,12,0,True,False,False,False,False,True,False,False,False,False,False,1.0,-1.0
688,3.06,1.88,3,0,False,True,False,False,False,False,False,False,False,False,True,0.0,-1.0
689,4.09,2.03,8,0,False,False,True,False,False,True,False,False,False,False,False,0.0,-1.0
690,7.32,2.3,9,1,False,False,False,True,False,False,False,False,True,False,False,2.0,-1.0
691,4.2,1.6,3,0,False,False,True,False,False,False,False,False,True,False,False,0.0,-1.0
692,5.16,1.39,6,0,False,True,False,False,False,False,False,False,True,False,False,0.0,18.0
693,5.23,2.04,11,0,False,False,True,False,False,False,True,False,False,False,False,1.0,20.0
694,5.22,1.95,10,1,False,False,False,True,False,False,False,True,False,False,False,1.0,-1.0
695,3.02,1.49,11,0,False,False,False,False,True,False,False,False,False,True,False,0.0,-1.0
696,5.8,1.11,11,1,False,False,False,False,True,False,False,False,False,False,True,0.0,-1.0
697,4.38,1.7,11,0,False,False,True,False,False,False,False,True,False,False,False,0.0,-1.0
698,6.51,2.39,14,0,False,False,False,True,False,False,False,True,False,False,False,1.0,-1.0
699,5.17,1.77,8,0,False,False,False,False,True,False,True,False,False,False,False,0.0,20.0
700,4.75,2.28,11,1,False,False,True,False,False,False,False,True,False,False,False,1.0,-1.0
701,4.22,1.03,5,1,False,True,False,False,False,False,False,False,False,False,True,0.0,-1.0
702,5.66,2.93,11,1,False,False,False,True,False,False,False,True,False,False,False,1.0,-1.0
703,5.0,1.95,10,0,False,True,False,False,False,True,False,False,False,False,False,1.0,20.0
704,4.24,2.43,13,1,False,False,False,True,False,False,False,False,True,False,False,1.0,-1.0
705,6.31,3.24,14,1,False,False,False,True,False,False,False,True,False,False,False,1.0,-1.0
706,7.02,2.61,8,1,False,False,False,True,False,False,True,False,False,False,False,2.0,-1.0
707,4.91,1.11,4,0,False,False,False,False,True,False,False,True,False,False,False,0.0,16.0
708,5.1,1.03,3,1,False,True,False,False,False,False,False,False,True,False,False,0.0,-1.0
709,4.64,0.85,10,0,False,True,False,False,False,True,False,False,False,False,False,0.0,-1.0
710,3.14,1.7,10,1,False,False,False,False,True,False,True,False,False,False,False,0.0,-1.0
711,4.71,1.93,9,0,False,True,False,False,False,True,False,False,False,False,False,0.0,20.0
712,5.68,2.6,7,1,True,False,False,False,False,False,False,False,False,False,True,2.0,-1.0
713,5.44,1.52,4,0,False,True,False,False,False,False,False,True,False,False,False,0.0,18.0
714,6.82,2.05,7,1,True,False,False,False,False,False,True,False,False,False,False,2.0,-1.0
715,4.37,2.37,10,0,False,False,True,False,False,False,False,True,False,False,False,1.0,-1.0
716,3.9,1.52,7,1,False,True,False,False,False,True,False,False,False,False,False,0.0,19.0
717,6.15,2.89,14,1,True,False,False,False,False,False,True,False,False,False,False,1.0,-1.0
718,4.42,0.8,8,1,False,False,False,False,True,False,False,False,True,False,False,0.0,-1.0
719,8.59,2.67,5,1,True,False,False,False,False,False,True,False,False,False,False,2.0,-1.0
720,4.04,1.5,8,1,False,True,False,False,False,False,False,False,False,True,False,0.0,19.0
721,4.38,0.79,4,0,False,False,False,False,True,False,False,True,False,False,False,0.0,16.0
722,6.15,1.88,7,0,False,False,False,True,False,False,False,True,False,False,False,2.0,-1.0
723,5.41,2.51,9,1,False,False,False,True,False,False,False,False,False,True,False,1.0,-1.0
724,4.96,1.52,4,1,False,False,False,False,True,False,True,False,False,False,False,0.0,17.0
725,7.66,2.17,13,1,False,False,False,True,False,True,False,False,False,False,False,1.0,-1.0
726,6.12,1.17,10,0,False,False,False,False,True,False,False,False,False,False,True,0.0,-1.0
727,5.45,1.47,11,1,False,False,True,False,False,True,False,False,False,False,False,0.0,-1.0
728,7.14,3.38,9,1,False,False,False,True,False,False,False,False,False,True,False,2.0,-1.0
729,2.8,1.81,5,0,False,True,False,False,False,True,False,False,False,False,False,0.0,-1.0
730,3.21,1.08,14,1,False,False,False,False,True,False,False,False,False,False,True,0.0,-1.0
731,4.13,1.55,7,1,False,False,True,False,False,False,False,True,False,False,False,0.0,19.0
732,4.11,1.07,4,0,False,False,False,False,True,False,False,False,False,True,False,0.0,16.0
733,3.93,1.64,8,0,False,False,True,False,False,False,False,False,False,True,False,0.0,-1.0
734,5.09,2.21,9,0,True,False,False,False,False,True,False,False,False,False,False,1.0,20.0
735,7.33,2.3,5,1,True,False,False,False,False,False,False,False,False,False,True,2.0,-1.0
736,3.64,1.55,7,1,False,False,False,False,True,False,False,False,False,True,False,0.0,19.0
737,5.65,1.83,7,1,False,False,True,False,False,False,True,False,False,False,False,0.0,-1.0
738,4.1,1.03,4,0,False,False,False,False,True,False,False,False,False,True,False,0.0,16.0
739,8.4,2.23,6,0,True,False,False,False,False,True,False,False,False,False,False,2.0,-1.0
740,4.14,1.09,4,0,False,False,False,False,True,False,False,False,True,False,False,0.0,16.0
741,7.79,2.21,13,0,False,False,False,True,False,False,True,False,False,False,False,1.0,15.0
742,4.95,2.17,12,0,False,True,False,False,False,False,False,False,True,False,False,1.0,-1.0
743,4.09,2.78,5,1,False,False,False,True,False,False,False,False,False,False,True,2.0,-1.0
744,3.83,1.99,5,1,False,True,False,False,False,False,False,False,False,False,True,0.0,-1.0
745,7.44,2.47,10,1,True,False,False,False,False,False,False,True,False,False,False,1.0,-1.0
746,4.08,2.1,11,1,False,True,False,False,False,False,False,False,False,False,True,0.0,-1.0
747,5.17,2.55,14,1,False,False,False,True,False,False,True,False,False,False,False,1.0,-1.0
748,4.37,1.05,4,1,False,False,True,False,False,False,False,False,False,True,False,0.0,-1.0
749,5.67,2.28,8,1,False,False,True,False,False,False,True,False,False,False,False,2.0,-1.0
750,3.57,2.1,5,0,False,True,False,False,False,False,False,True,False,False,False,0.0,-1.0
751,6.45,3.26,12,0,False,False,False,True,False,False,False,True,False,False,False,1.0,-1.0
752,4.01,2.48,5,1,False,False,False,True,False,False,False,False,False,True,False,2.0,-1.0
753,4.03,2.95,7,0,False,False,False,True,False,False,False,False,False,True,False,2.0,-1.0
754,5.54,2.81,3,1,False,False,False,True,False,False,False,False,False,True,False,2.0,-1.0
755,5.1,1.43,5,0,False,False,True,False,False,False,False,False,False,False,True,0.0,18.0
756,4.83,0.87,12,1,False,False,False,False,True,False,False,True,False,False,False,0.0,-1.0
757,5.05,2.41,11,1,True,False,False,False,False,False,False,False,True,False,False,1.0,-1.0
758,5.43,1.91,13,1,False,False,True,False,False,False,False,False,False,False,True,1.0,-1.0
759,5.99,1.03,7,0,False,False,True,False,False,True,False,False,False,False,False,0.0,-1.0
760,2.69,2.05,8,0,False,True,False,False,False,False,False,False,False,False,True,0.0,-1.0
761,4.28,1.52,10,0,False,False,True,False,False,False,True,False,False,False,False,0.0,-1.0
762,4.6,1.5,13,0,False,False,True,False,False,False,False,False,True,False,False,1.0,-1.0
763,4.01,1.94,10,0,False,True,False,False,False,False,True,False,False,False,False,0.0,-1.0
764,7.27,2.32,14,0,True,False,False,False,False,False,False,False,False,False,True,1.0,-1.0
765,7.6,2.56,3,0,True,False,False,False,False,False,True,False,False,False,False,2.0,-1.0
766,5.59,2.26,11,1,False,False,False,True,False,False,False,False,True,False,False,1.0,-1.0
767,3.82,2.23,4,0,False,False,True,False,False,True,False,False,False,False,False,0.0,-1.0
768,3.93,1.33,9,0,False,False,True,False,False,False,False,False,False,False,True,0.0,-1.0
769,7.1,2.99,14,1,False,False,False,True,False,False,False,False,False,True,False,1.0,-1.0
770,7.98,1.77,6,0,False,False,False,True,False,True,False,False,False,False,False,2.0,-1.0
771,5.53,1.37,5,0,False,False,False,False,True,True,False,False,False,False,False,0.0,18.0
772,3.31,1.35,9,1,False,False,False,False,True,False,False,False,False,False,True,0.0,-1.0
773,3.76,2.37,12,0,False,False,True,False,False,False,False,True,False,False,False,1.0,-1.0
774,5.49,0.69,9,1,False,False,False,False,True,False,False,False,False,False,True,0.0,-1.0
775,4.15,2.43,3,1,False,False,True,False,False,False,True,False,False,False,False,2.0,-1.0
776,8.92,2.42,3,1,True,False,False,False,False,False,False,False,True,False,False,2.0,-1.0
777,5.3,1.44,14,1,False,False,True,False,False,False,True,False,False,False,False,1.0,-1.0
778,7.46,3.3,3,1,False,False,False,True,False,False,False,False,False,False,True,2.0,-1.0
779,4.52,1.38,8,1,False,False,False,False,True,True,False,False,False,False,False,0.0,19.0
780,4.79,1.85,5,0,False,False,True,False,False,False,False,True,False,False,False,0.0,-1.0
781,4.67,2.22,14,0,False,False,False,True,False,False,False,False,False,False,True,1.0,-1.0
782,6.37,2.67,13,0,True,False,False,False,False,False,False,True,False,False,False,1.0,-1.0
783,7.2,2.03,7,0,True,False,False,False,False,False,False,False,True,False,False,2.0,-1.0
784,3.37,1.91,4,0,False,True,False,False,False,False,True,False,False,False,False,0.0,-1.0
785,6.09,1.94,8,1,False,False,False,True,False,False,False,False,False,True,False,2.0,-1.0
786,5.39,1.77,12,1,False,True,False,False,False,False,False,True,False,False,False,1.0,-1.0
787,3.74,2.34,8,1,False,False,True,False,False,False,False,False,False,True,False,0.0,-1.0
788,3.84,2.11,8,1,False,False,True,False,False,False,False,False,False,False,True,0.0,-1.0
789,4.17,1.79,11,0,False,True,False,False,False,False,False,False,True,False,False,0.0,-1.0
790,5.26,0.64,5,0,False,False,False,False,True,True,False,False,False,False,False,0.0,-1.0
791,7.81,1.59,12,1,False,False,False,True,False,False,False,True,False,False,False,1.0,-1.0
792,3.84,2.3,4,0,False,False,True,False,False,False,False,True,False,False,False,0.0,-1.0
793,5.6,1.08,12,0,False,False,True,False,False,False,False,False,False,False,True,0.0,-1.0
794,3.7,0.64,14,0,False,False,False,False,True,False,False,False,False,False,True,0.0,-1.0
795,6.48,2.79,3,1,True,False,False,False,False,False,False,False,False,True,False,2.0,-1.0
796,5.56,1.43,14,1,False,False,False,False,True,False,False,False,False,True,False,1.0,-1.0
797,4.94,1.96,9,0,False,False,True,False,False,False,False,False,True,False,False,0.0,20.0
798,3.74,1.94,13,1,False,False,True,False,False,False,True,False,False,False,False,1.0,-1.0
799,4.49,2.61,6,1,False,False,False,True,False,False,False,False,True,False,False,2.0,-1.0
800,4.66,1.91,5,1,False,True,False,False,False,False,False,False,True,False,False,0.0,-1.0
801,4.38,2.24,13,0,False,False,True,False,False,True,False,False,False,False,False,1.0,-1.0
802,3.02,0.57,13,0,False,False,False,False,True,False,False,True,False,False,False,0.0,-1.0
803,6.54,2.48,5,1,True,False,False,False,False,False,False,False,False,False,True,2.0,-1.0
804,4.71,1.58,8,1,False,False,False,False,True,False,False,True,False,False,False,0.0,-1.0
805,4.6,0.85,13,0,False,False,False,False,True,False,False,False,True,False,False,0.0,-1.0
806,3.08,1.34,13,0,False,True,False,False,False,False,False,True,False,False,False,0.0,-1.0
807,5.65,3.39,13,1,False,False,False,True,False,False,False,False,True,False,False,1.0,-1.0
808,8.62,2.2,3,1,True,False,False,False,False,False,False,False,False,True,False,2.0,-1.0
809,5.16,2.43,13,1,False,False,True,False,False,True,False,False,False,False,False,1.0,-1.0
810,5.36,2.3,6,0,False,False,True,False,False,False,False,False,False,False,True,2.0,-1.0
811,8.32,2.01,10,0,True,False,False,False,False,False,False,False,False,True,False,1.0,-1.0
812,4.0,1.19,9,0,False,True,False,False,False,True,False,False,False,False,False,0.0,-1.0
813,5.37,2.42,14,1,True,False,False,False,False,False,False,False,False,True,False,1.0,-1.0
814,4.9,1.53,12,1,False,False,True,False,False,False,True,False,False,False,False,0.0,-1.0
815,5.78,2.92,9,0,False,False,False,True,False,False,False,False,False,True,False,1.0,-1.0
816,4.04,2.36,6,1,False,False,True,False,False,False,True,False,False,False,False,0.0,-1.0
817,7.61,2.98,6,0,True,False,False,False,False,False,False,True,False,False,False,2.0,-1.0
818,5.92,0.69,3,1,False,False,False,False,True,False,False,False,False,False,True,0.0,-1.0
819,3.63,1.21,8,1,False,False,True,False,False,False,False,True,False,False,False,0.0,-1.0
820,5.37,1.15,5,0,False,False,True,False,False,False,False,False,True,False,False,0.0,18.0
821,6.24,2.13,8,0,False,False,False,True,False,True,False,False,False,False,False,2.0,-1.0
822,3.42,1.23,4,1,False,False,False,False,True,True,False,False,False,False,False,0.0,-1.0
823,7.54,2.69,14,1,True,False,False,False,False,False,False,False,False,False,True,1.0,-1.0
824,8.24,2.32,12,1,True,False,False,False,False,False,False,False,True,False,False,1.0,-1.0
825,5.24,1.69,7,0,False,True,False,False,False,True,False,False,False,False,False,0.0,-1.0
826,4.49,2.19,6,0,False,False,True,False,False,False,False,False,True,False,False,0.0,-1.0
827,4.57,1.78,9,0,False,True,False,False,False,True,False,False,False,False,False,0.0,20.0
828,3.65,1.2,7,0,False,False,False,False,True,False,False,True,False,False,False,0.0,-1.0
829,3.51,1.4,5,1,False,False,True,False,False,False,True,False,False,False,False,0.0,-1.0
830,5.32,1.34,7,1,False,False,True,False,False,False,False,False,False,False,True,0.0,-1.0
831,5.91,1.6,3,0,False,False,True,False,False,False,False,False,False,True,False,2.0,-1.0
832,5.4,2.93,5,1,False,False,False,True,False,True,False,False,False,False,False,2.0,-1.0
833,4.8,1.73,8,0,False,False,True,False,False,False,False,False,False,False,True,0.0,20.0
834,6.25,1.66,14,0,False,False,False,False,True,False,False,False,True,False,False,1.0,-1.0
835,6.71,2.67,10,1,True,False,False,False,False,True,False,False,False,False,False,1.0,-1.0
836,6.45,2.96,12,0,True,False,False,False,False,False,False,False,False,False,True,1.0,-1.0
837,4.74,1.69,9,1,False,True,False,False,False,False,False,True,False,False,False,0.0,-1.0
838,5.63,2.94,10,0,False,False,False,True,False,False,False,False,True,False,False,1.0,-1.0
839,5.22,3.1,13,0,False,False,False,True,False,False,False,False,True,False,False,1.0,-1.0
840,3.58,1.86,6,1,False,True,False,False,False,False,False,False,False,True,False,0.0,-1.0
841,6.39,2.78,7,0,False,False,False,True,False,False,False,False,False,False,True,2.0,-1.0
842,3.69,1.22,3,1,False,True,False,False,False,False,False,True,False,False,False,0.0,-1.0
843,4.88,1.68,14,0,False,False,False,False,True,True,False,False,False,False,False,1.0,-1.0
844,4.31,1.21,5,0,False,False,False,False,True,False,False,True,False,False,False,0.0,-1.0
845,7.56,2.75,12,1,True,False,False,False,False,True,False,False,False,False,False,1.0,-1.0
846,5.01,2.64,11,1,True,False,False,False,False,False,False,False,False,True,False,1.0,-1.0
847,4.53,1.2,11,1,False,False,False,False,True,True,False,False,False,False,False,0.0,-1.0
848,4.95,0.77,9,1,False,False,False,False,True,False,False,False,False,False,True,0.0,-1.0
849,5.38,2.15,4,0,False,True,False,False,False,False,False,True,False,False,False,2.0,-1.0
850,5.4,0.9,14,1,False,True,False,False,False,False,False,False,False,True,False,0.0,-1.0
851,5.25,1.17,8,1,False,False,True,False,False,False,True,False,False,False,False,0.0,-1.0
852,4.24,0.95,10,1,False,False,False,False,True,False,True,False,False,False,False,0.0,-1.0
853,7.13,2.63,6,0,True,False,False,False,False,False,False,True,False,False,False,2.0,-1.0
854,4.36,1.69,14,0,False,True,False,False,False,False,False,False,False,False,True,1.0,-1.0
855,8.53,2.9,8,1,True,False,False,False,False,False,False,False,False,True,False,2.0,-1.0
856,6.71,3.5,4,1,False,False,False,True,False,True,False,False,False,False,False,2.0,-1.0
857,7.6,3.33,4,1,False,False,False,True,False,False,False,False,False,False,True,2.0,-1.0
858,3.51,1.33,7,1,False,True,False,False,False,False,False,False,False,True,False,0.0,-1.0
859,4.39,2.29,8,1,False,False,False,True,False,False,False,False,False,True,False,0.0,-1.0
860,7.95,2.0,13,1,False,False,False,True,False,False,False,True,False,False,False,1.0,-1.0
861,4.03,0.82,3,0,False,False,False,False,True,False,True,False,False,False,False,0.0,-1.0
862,2.69,1.13,9,1,False,True,False,False,False,False,False,False,True,False,False,0.0,-1.0
863,6.33,2.62,5,0,True,False,False,False,False,False,False,False,True,False,False,2.0,-1.0
864,5.81,2.71,12,0,True,False,False,False,False,False,False,False,False,False,True,1.0,-1.0
865,8.01,2.35,9,1,True,False,False,False,False,False,False,False,False,False,True,2.0,-1.0
866,2.57,1.63,14,1,False,True,False,False,False,False,True,False,False,False,False,0.0,-1.0
867,6.15,2.0,13,0,False,False,False,True,False,False,False,False,False,False,True,1.0,-1.0
868,6.48,2.39,9,0,False,False,False,True,False,False,False,True,False,False,False,1.0,-1.0
869,7.65,2.22,13,0,False,False,False,True,False,True,False,False,False,False,False,1.0,-1.0
870,8.33,2.86,4,0,True,False,False,False,False,False,False,True,False,False,False,2.0,-1.0
871,4.09,0.63,11,1,False,False,False,False,True,True,False,False,False,False,False,0.0,-1.0
872,3.61,1.37,6,0,False,False,False,False,True,True,False,False,False,False,False,0.0,-1.0
873,5.25,1.83,13,0,False,True,False,False,False,False,False,False,True,False,False,1.0,-1.0
874,3.86,1.05,12,1,False,False,False,False,True,False,False,False,False,False,True,0.0,-1.0
875,5.78,1.88,7,1,False,False,True,False,False,False,False,False,True,False,False,0.0,-1.0
876,8.89,2.46,8,0,True,False,False,False,False,False,False,True,False,False,False,2.0,-1.0
877,4.07,0.6,7,1,False,False,False,False,True,False,False,False,True,False,False,0.0,-1.0
878,6.09,2.24,8,1,True,False,False,False,False,False,False,False,True,False,False,2.0,-1.0
879,5.1,2.11,12,0,True,False,False,False,False,False,False,False,False,False,True,1.0,-1.0
880,3.5,1.02,14,1,False,False,False,False,True,False,True,False,False,False,False,0.0,-1.0
881,5.35,1.82,8,1,False,False,True,False,False,False,False,True,False,False,False,0.0,21.0
882,5.11,2.84,7,1,True,False,False,False,False,True,False,False,False,False,False,2.0,-1.0
883,6.71,3.23,6,0,False,False,False,True,False,False,False,True,False,False,False,2.0,-1.0
884,4.61,1.94,7,1,False,False,False,True,False,True,False,False,False,False,False,0.0,-1.0
885,4.55,1.68,3,0,False,False,False,False,True,False,True,False,False,False,False,0.0,-1.0
886,6.69,2.69,12,1,True,False,False,False,False,False,False,True,False,False,False,1.0,-1.0
887,5.92,1.6,4,1,False,False,True,False,False,False,False,False,False,False,True,0.0,-1.0
888,5.03,1.65,11,0,False,False,True,False,False,False,False,False,True,False,False,1.0,-1.0
889,5.24,1.64,3,0,False,False,True,False,False,False,True,False,False,False,False,0.0,-1.0
890,5.82,1.28,4,1,False,False,True,False,False,False,False,True,False,False,False,0.0,-1.0
891,6.57,2.21,4,1,True,False,False,False,False,False,False,False,False,False,True,2.0,-1.0
892,4.31,3.16,7,0,False,False,False,True,False,False,False,False,False,True,False,2.0,-1.0
893,5.16,2.0,7,0,False,False,False,True,False,False,True,False,False,False,False,0.0,-1.0
894,5.37,1.9,10,1,False,True,False,False,False,False,True,False,False,False,False,1.0,21.0
895,6.86,1.69,12,0,False,False,False,True,False,False,False,False,False,True,False,1.0,-1.0
896,4.58,1.14,6,1,False,True,False,False,False,False,False,False,False,False,True,0.0,-1.0
897,5.67,1.96,13,1,False,False,True,False,False,False,False,False,False,True,False,1.0,-1.0
898,4.44,2.42,14,0,False,False,False,True,False,False,True,False,False,False,False,1.0,-1.0
899,5.32,2.51,6,1,False,False,False,True,False,False,False,False,False,False,True,2.0,-1.0
900,5.37,2.62,8,0,True,False,False,False,False,False,False,False,False,True,False,2.0,-1.0
901,8.42,2.02,12,1,True,False,False,False,False,False,False,True,False,False,False,1.0,-1.0
902,4.24,1.28,10,1,False,True,False,False,False,False,False,True,False,False,False,0.0,-1.0
903,7.63,2.75,6,1,True,False,False,False,False,False,False,False,False,True,False,2.0,-1.0
904,7.99,2.04,8,1,False,False,False,True,False,False,False,False,False,False,True,2.0,-1.0
905,4.27,2.04,5,1,False,False,True,False,False,False,False,False,False,False,True,0.0,-1.0
906,5.08,2.03,3,1,False,False,True,False,False,False,True,False,False,False,False,2.0,-1.0
907,5.46,1.32,8,0,False,False,True,False,False,False,False,False,False,False,True,0.0,-1.0
908,4.44,1.39,10,0,False,False,True,False,False,False,False,False,False,False,True,0.0,-1.0
909,5.77,1.86,5,0,False,False,False,True,False,False,False,False,False,True,False,2.0,-1.0
910,5.63,2.19,8,0,True,False,False,False,False,False,False,True,False,False,False,1.0,-1.0
911,3.52,1.33,14,0,False,False,False,False,True,False,True,False,False,False,False,0.0,-1.0
912,5.92,2.25,3,0,False,False,True,False,False,False,False,False,True,False,False,2.0,-1.0
913,4.09,1.98,13,1,False,False,False,True,False,False,False,False,False,False,True,1.0,-1.0
914,5.53,2.71,11,1,False,False,False,True,False,False,False,False,False,True,False,1.0,-1.0
915,6.23,2.43,4,0,True,False,False,False,False,False,False,False,False,False,True,2.0,-1.0
916,3.91,1.09,4,1,False,False,True,False,False,False,True,False,False,False,False,0.0,-1.0
917,4.54,1.01,10,1,False,False,True,False,False,True,False,False,False,False,False,0.0,-1.0
918,7.38,2.8,7,1,True,False,False,False,False,False,False,True,False,False,False,2.0,-1.0
919,5.68,0.9,5,0,False,False,False,False,True,True,False,False,False,False,False,0.0,-1.0
920,2.55,1.36,9,0,False,True,False,False,False,False,False,False,False,False,True,0.0,-1.0
921,5.84,1.77,13,1,False,False,False,False,True,False,False,True,False,False,False,1.0,-1.0
922,4.9,2.06,10,1,False,False,True,False,False,False,False,False,True,False,False,1.0,21.0
923,6.33,2.17,6,0,True,False,False,False,False,False,True,False,False,False,False,2.0,-1.0
924,5.76,2.45,7,0,False,False,True,False,False,True,False,False,False,False,False,2.0,-1.0
925,7.04,2.15,13,0,False,False,False,True,False,False,False,False,True,False,False,1.0,-1.0
926,5.2,2.5,3,1,True,False,False,False,False,False,True,False,False,False,False,2.0,-1.0
927,6.01,2.41,12,0,True,False,False,False,False,False,False,True,False,False,False,1.0,-1.0
928,3.19,0.94,4,0,False,False,False,False,True,False,True,False,False,False,False,0.0,-1.0
929,2.88,1.98,3,0,False,True,False,False,False,False,False,False,True,False,False,0.0,-1.0
930,3.8,2.03,7,1,False,False,True,False,False,False,False,False,False,True,False,0.0,-1.0
931,5.07,2.17,7,1,False,True,False,False,False,False,False,False,True,False,False,0.0,-1.0
932,5.66,2.14,8,1,False,False,False,True,False,False,False,False,False,True,False,2.0,21.0
933,7.66,2.35,14,1,False,False,False,True,False,False,False,False,True,False,False,1.0,-1.0
934,5.79,2.46,3,0,False,False,True,False,False,False,False,False,True,False,False,2.0,-1.0
935,3.64,1.69,9,0,False,True,False,False,False,False,False,False,False,False,True,0.0,-1.0
936,4.26,1.37,3,1,False,False,True,False,False,True,False,False,False,False,False,0.0,-1.0
937,4.15,1.67,4,0,False,False,True,False,False,False,True,False,False,False,False,0.0,-1.0
938,6.92,2.16,14,1,False,False,False,True,False,False,False,True,False,False,False,1.0,-1.0
939,5.34,2.05,9,1,True,False,False,False,False,False,False,False,False,False,True,1.0,21.0
940,4.97,2.33,4,1,False,False,True,False,False,True,False,False,False,False,False,2.0,-1.0
941,7.93,2.5,8,1,True,False,False,False,False,False,False,False,True,False,False,2.0,-1.0
942,3.14,0.92,3,1,False,True,False,False,False,False,False,False,False,True,False,0.0,-1.0
943,5.53,1.6,5,0,False,False,False,True,False,False,False,False,False,False,True,0.0,-1.0
944,3.71,1.02,4,0,False,False,False,False,True,False,False,False,False,True,False,0.0,-1.0
945,5.97,2.76,13,0,True,False,False,False,False,False,False,False,False,True,False,1.0,-1.0
946,6.02,2.75,4,0,True,False,False,False,False,False,False,True,False,False,False,2.0,-1.0
947,5.79,2.19,7,0,False,False,True,False,False,False,True,False,False,False,False,2.0,-1.0
948,4.88,2.34,11,0,False,False,True,False,False,False,True,False,False,False,False,1.0,-1.0
949,3.91,1.23,5,0,False,False,False,False,True,False,False,True,False,False,False,0.0,-1.0
950,8.82,2.04,8,0,True,False,False,False,False,False,True,False,False,False,False,2.0,-1.0
951,5.21,1.76,4,1,False,False,False,False,True,False,False,False,True,False,False,0.0,-1.0
952,5.24,1.78,10,1,False,False,False,True,False,False,False,False,False,False,True,0.0,-1.0
953,4.44,2.4,5,0,False,False,True,False,False,False,False,False,True,False,False,2.0,-1.0
954,5.21,1.88,14,1,False,True,False,False,False,False,False,False,False,True,False,1.0,-1.0
955,4.15,1.82,8,0,False,True,False,False,False,False,False,False,True,False,False,0.0,-1.0
956,5.77,1.27,14,0,False,False,True,False,False,False,True,False,False,False,False,1.0,-1.0
957,6.33,3.04,3,1,False,False,False,True,False,False,False,False,False,True,False,2.0,-1.0
958,6.06,1.3,3,0,False,False,False,False,True,False,False,False,True,False,False,0.0,-1.0
959,5.17,2.17,10,0,False,True,False,False,False,False,False,False,False,False,True,1.0,-1.0
960,7.58,2.79,6,0,True,False,False,False,False,False,False,False,False,True,False,2.0,-1.0
961,5.29,1.09,11,0,False,False,True,False,False,False,True,False,False,False,False,0.0,-1.0
962,5.45,1.01,12,0,False,False,True,False,False,False,False,False,False,True,False,0.0,-1.0
963,2.61,0.85,14,0,False,True,False,False,False,False,False,False,True,False,False,0.0,-1.0
964,7.12,3.08,6,1,False,False,False,True,False,False,True,False,False,False,False,2.0,-1.0
965,6.67,2.58,3,0,True,False,False,False,False,False,False,False,True,False,False,2.0,-1.0
966,5.28,2.01,12,0,False,True,False,False,False,False,False,False,False,False,True,1.0,-1.0
967,4.3,1.37,10,1,False,False,False,False,True,False,False,True,False,False,False,0.0,-1.0
968,4.75,1.61,4,1,False,False,False,False,True,False,True,False,False,False,False,0.0,-1.0
969,3.49,1.53,8,1,False,True,False,False,False,False,True,False,False,False,False,0.0,-1.0
970,7.28,2.19,13,0,False,False,False,True,False,False,False,False,False,True,False,1.0,-1.0
971,7.79,2.38,5,0,False,False,False,True,False,False,False,False,False,True,False,2.0,-1.0
972,6.36,0.95,9,1,False,False,False,False,True,False,True,False,False,False,False,0.0,-1.0
973,4.81,2.22,8,1,False,False,True,False,False,False,False,False,False,True,False,0.0,-1.0
974,2.72,1.58,6,1,False,True,False,False,False,False,True,False,False,False,False,0.0,-1.0
975,6.38,1.76,11,0,False,False,False,False,True,False,False,False,False,False,True,1.0,-1.0
976,6.99,3.24,12,0,False,False,False,True,False,False,False,False,True,False,False,1.0,-1.0
977,6.24,2.81,9,0,False,False,False,True,False,False,False,False,True,False,False,1.0,-1.0
978,8.69,2.91,4,0,True,False,False,False,False,False,False,True,False,False,False,2.0,-1.0
979,7.72,2.9,11,0,False,False,False,True,False,False,False,False,True,False,False,1.0,-1.0
980,6.05,1.52,9,1,False,False,False,True,False,True,False,False,False,False,False,0.0,-1.0
981,4.85,1.32,11,0,False,False,False,False,True,True,False,False,False,False,False,0.0,-1.0
982,5.58,2.12,10,0,False,False,False,True,False,True,False,False,False,False,False,1.0,-1.0
983,7.01,2.88,4,0,False,False,False,True,False,False,False,False,True,False,False,2.0,-1.0
984,7.95,2.24,12,1,False,False,False,True,False,False,False,False,True,False,False,1.0,-1.0
985,7.53,1.76,13,1,False,False,False,True,False,False,True,False,False,False,False,1.0,-1.0
986,6.29,1.97,13,1,False,False,False,True,False,False,False,True,False,False,False,1.0,-1.0
987,4.18,1.5,13,0,False,False,True,False,False,False,False,False,False,True,False,0.0,-1.0
988,4.31,1.06,6,1,False,False,False,False,True,False,True,False,False,False,False,0.0,-1.0
989,3.1,1.63,11,0,False,False,False,False,True,False,False,False,False,True,False,0.0,-1.0
990,6.28,0.63,5,0,False,False,False,False,True,False,False,False,True,False,False,0.0,-1.0
991,7.61,2.47,6,1,True,False,False,False,False,True,False,False,False,False,False,2.0,-1.0
992,5.79,1.63,8,1,False,False,False,True,False,False,False,False,False,False,True,0.0,-1.0
993,4.84,1.84,10,0,False,False,True,False,False,False,False,False,True,False,False,1.0,-1.0
994,2.86,2.19,9,1,False,True,False,False,False,False,False,False,False,False,True,0.0,-1.0
995,4.32,2.19,6,1,False,False,True,False,False,False,False,False,True,False,False,0.0,-1.0
996,5.15,2.78,7,1,False,False,False,True,False,False,False,False,False,True,False,2.0,-1.0
997,5.23,1.77,14,1,False,True,False,False,False,False,True,False,False,False,False,1.0,-1.0
998,5.41,2.12,13,0,False,False,True,False,False,False,False,True,False,False,False,1.0,-1.0
999,4.95,1.91,10,0,False,True,False,False,False,False,False,False,True,False,False,1.0,-1.0
1000,7.61,2.4,12,0,True,False,False,False,False,False,True,False,False,False,False,1.0,-1.0
